-- Adminer 4.6.3 MySQL dump

SET NAMES utf8;
SET time_zone = '+00:00';
SET foreign_key_checks = 0;
SET sql_mode = 'NO_AUTO_VALUE_ON_ZERO';

DELIMITER ;

DROP TABLE IF EXISTS `tbl_rms_authorised_users_ral`;
CREATE TABLE `tbl_rms_authorised_users_ral` (
  `RAL_Userid` int(8) NOT NULL,
  `RAL_RvwTypeId` int(10) NOT NULL,
  `RAL_Role` enum('self','all','view','pdi') DEFAULT 'self',
  `RAL_UpdatedBy` int(8) DEFAULT NULL,
  `RAL_UpdatedOn` date DEFAULT NULL,
  PRIMARY KEY (`RAL_Userid`,`RAL_RvwTypeId`),
  KEY `FK1_tbl_rms_authorised_users_ral` (`RAL_RvwTypeId`),
  KEY `FK3_tbl_rms_authorised_users_ral` (`RAL_UpdatedBy`),
  CONSTRAINT `FK1_tbl_rms_authorised_users_ral` FOREIGN KEY (`RAL_RvwTypeId`) REFERENCES `tbl_rms_rvw_type_rrv` (`RRV_RvwTypeId`),
  CONSTRAINT `FK2_tbl_rms_authorised_users_ral` FOREIGN KEY (`RAL_Userid`) REFERENCES `tbl_fou_employee_emp` (`EMP_User_id`),
  CONSTRAINT `FK3_tbl_rms_authorised_users_ral` FOREIGN KEY (`RAL_UpdatedBy`) REFERENCES `tbl_fou_employee_emp` (`EMP_User_id`)
) ENGINE=InnoDB DEFAULT CHARSET=latin1 CHECKSUM=1 DELAY_KEY_WRITE=1 ROW_FORMAT=DYNAMIC;

INSERT INTO `tbl_rms_authorised_users_ral` (`RAL_Userid`, `RAL_RvwTypeId`, `RAL_Role`, `RAL_UpdatedBy`, `RAL_UpdatedOn`) VALUES
(5,	7,	'self',	118,	'2014-07-10'),
(5,	8,	'view',	118,	'2014-07-11'),
(5,	15,	'view',	118,	'2014-07-11'),
(5,	16,	'view',	5,	NULL),
(13,	22,	'self',	75,	'2014-06-12'),
(13,	23,	'self',	75,	'2014-06-12'),
(23,	22,	'self',	75,	'2014-06-12'),
(23,	23,	'self',	75,	'2014-06-12'),
(26,	22,	'self',	75,	'2014-06-12'),
(26,	23,	'self',	75,	'2014-06-12'),
(27,	19,	'self',	75,	'2013-10-21'),
(27,	20,	'self',	75,	'2013-10-21'),
(36,	22,	'self',	75,	'2014-06-12'),
(36,	23,	'self',	75,	'2014-06-12'),
(38,	7,	'all',	9,	'2015-09-16'),
(38,	8,	'all',	9,	'2015-09-16'),
(38,	15,	'all',	38,	'2013-05-22'),
(38,	16,	'all',	38,	'2014-06-30'),
(38,	19,	'all',	75,	'2013-10-21'),
(38,	20,	'all',	75,	'2013-10-21'),
(38,	24,	'all',	9,	'2014-07-03'),
(38,	25,	'all',	9,	'2014-07-03'),
(40,	13,	'self',	40,	'2014-07-11'),
(48,	7,	'self',	118,	'2013-04-18'),
(48,	8,	'self',	118,	'2013-04-18'),
(48,	13,	'self',	118,	'2013-05-22'),
(52,	15,	'all',	118,	'2013-05-22'),
(52,	16,	'all',	NULL,	NULL),
(67,	22,	'self',	75,	'2014-06-25'),
(67,	23,	'self',	75,	'2014-06-25'),
(68,	19,	'self',	75,	'2013-10-21'),
(68,	20,	'self',	75,	'2013-10-21'),
(69,	22,	'self',	75,	'2013-05-09'),
(69,	23,	'self',	118,	'2014-05-27'),
(72,	7,	'self',	118,	'2012-11-28'),
(72,	8,	'self',	118,	'2012-12-07'),
(72,	13,	'self',	118,	'2013-05-22'),
(73,	8,	'self',	118,	'2012-12-07'),
(73,	13,	'self',	118,	'2013-05-22'),
(75,	8,	'self',	75,	'2013-07-12'),
(75,	13,	'self',	75,	'2013-07-12'),
(75,	17,	'self',	75,	'2013-07-03'),
(75,	18,	'self',	75,	'2013-07-03'),
(78,	15,	'view',	118,	'2013-05-22'),
(78,	16,	'view',	NULL,	NULL),
(80,	15,	'view',	38,	NULL),
(80,	16,	'view',	38,	NULL),
(80,	19,	'self',	75,	'2013-10-21'),
(80,	20,	'self',	75,	'2013-10-21'),
(82,	7,	'self',	118,	'2012-11-09'),
(82,	8,	'self',	118,	'2012-12-07'),
(82,	13,	'self',	118,	'2013-05-22'),
(87,	26,	'self',	75,	'2015-09-23'),
(87,	27,	'self',	75,	'2015-09-23'),
(97,	1,	'self',	118,	NULL),
(97,	2,	'self',	118,	NULL),
(97,	3,	'self',	118,	NULL),
(97,	7,	'self',	118,	NULL),
(97,	8,	'self',	118,	NULL),
(97,	9,	'view',	859,	'2014-07-11'),
(97,	10,	'self',	118,	NULL),
(97,	13,	'self',	118,	'2013-05-22'),
(101,	7,	'self',	40,	'2013-09-18'),
(101,	8,	'self',	40,	NULL),
(101,	21,	'all',	118,	NULL),
(118,	1,	'self',	118,	'2014-07-11'),
(118,	2,	'self',	118,	'2014-07-11'),
(118,	3,	'self',	118,	'2012-11-09'),
(118,	7,	'pdi',	118,	'2012-11-29'),
(118,	8,	'pdi',	118,	'2012-12-07'),
(118,	15,	'all',	NULL,	NULL),
(118,	16,	'view',	NULL,	NULL),
(118,	19,	'self',	75,	NULL),
(118,	20,	'all',	75,	NULL),
(118,	21,	'all',	118,	'2014-07-10'),
(118,	22,	'all',	118,	NULL),
(118,	23,	'all',	118,	NULL),
(118,	24,	'all',	9,	'2014-07-03'),
(118,	25,	'all',	9,	'2014-07-03'),
(118,	26,	'view',	118,	NULL),
(118,	27,	'view',	118,	NULL),
(118,	36,	'self',	118,	'2016-10-13'),
(122,	7,	'self',	118,	'2013-04-18'),
(122,	8,	'self',	118,	'2013-04-18'),
(122,	13,	'self',	118,	'2013-05-22'),
(122,	15,	'view',	38,	'2013-08-23'),
(122,	16,	'view',	38,	'2013-08-23'),
(122,	36,	'all',	118,	'2016-10-13'),
(122,	37,	'all',	118,	'2016-10-13'),
(163,	9,	'all',	NULL,	NULL),
(163,	15,	'view',	NULL,	NULL),
(163,	16,	'view',	NULL,	NULL),
(342,	6,	'view',	118,	'2015-10-07'),
(342,	13,	'view',	118,	'2015-10-07'),
(394,	7,	'self',	40,	'2014-01-22'),
(394,	8,	'self',	40,	'2014-01-22'),
(394,	15,	'view',	38,	NULL),
(394,	16,	'view',	38,	NULL),
(394,	19,	'all',	75,	'2013-10-21'),
(394,	20,	'all',	75,	'2013-10-21'),
(435,	7,	'self',	40,	'2013-06-28'),
(435,	8,	'self',	40,	'2013-06-28'),
(483,	7,	'self',	118,	'2013-04-18'),
(483,	8,	'self',	118,	'2013-04-18'),
(483,	13,	'self',	118,	'2013-05-22'),
(483,	15,	'view',	38,	NULL),
(483,	16,	'view',	38,	NULL),
(483,	19,	'all',	38,	'2013-12-16'),
(483,	20,	'all',	38,	'2013-12-16'),
(486,	15,	'view',	38,	NULL),
(486,	16,	'view',	38,	NULL),
(491,	7,	'self',	118,	'2012-11-29'),
(491,	8,	'self',	118,	'2012-12-07'),
(491,	13,	'self',	118,	'2013-05-22'),
(492,	7,	'self',	40,	'2014-01-22'),
(492,	8,	'self',	40,	'2014-01-22'),
(492,	15,	'self',	38,	NULL),
(492,	16,	'self',	38,	NULL),
(492,	19,	'self',	72,	'2013-11-25'),
(492,	20,	'self',	72,	'2013-11-25'),
(492,	22,	'self',	75,	'2014-06-10'),
(492,	23,	'self',	75,	'2014-06-10'),
(492,	26,	'self',	75,	'2015-09-23'),
(492,	27,	'self',	75,	'2015-09-23'),
(511,	15,	'view',	38,	NULL),
(511,	16,	'view',	38,	NULL),
(511,	22,	'self',	75,	'2013-05-09'),
(511,	23,	'self',	75,	'2013-05-13'),
(515,	7,	'pdi',	NULL,	NULL),
(515,	8,	'pdi',	NULL,	NULL),
(515,	13,	'pdi',	118,	'2013-05-22'),
(515,	15,	'pdi',	38,	NULL),
(515,	16,	'pdi',	38,	NULL),
(515,	21,	'pdi',	118,	'2014-08-01'),
(515,	22,	'pdi',	75,	'2014-06-17'),
(515,	23,	'pdi',	75,	'2014-06-17'),
(515,	24,	'pdi',	38,	'2014-07-24'),
(515,	25,	'pdi',	38,	'2014-07-24'),
(515,	26,	'pdi',	75,	'2015-09-28'),
(515,	27,	'pdi',	75,	'2015-09-28'),
(518,	7,	'self',	40,	'2013-06-28'),
(518,	8,	'self',	40,	'2013-06-28'),
(547,	15,	'view',	38,	NULL),
(547,	16,	'view',	38,	NULL),
(547,	19,	'self',	38,	'2013-11-25'),
(547,	20,	'self',	38,	'2013-11-25'),
(547,	22,	'self',	75,	'2013-05-09'),
(547,	23,	'self',	75,	'2013-05-13'),
(548,	15,	'view',	38,	NULL),
(548,	16,	'view',	38,	NULL),
(548,	19,	'self',	75,	'2013-11-18'),
(548,	20,	'self',	75,	'2013-11-18'),
(548,	22,	'self',	75,	'2014-06-23'),
(548,	23,	'self',	75,	'2014-06-23'),
(551,	22,	'self',	75,	'2014-06-12'),
(551,	23,	'self',	75,	'2014-06-12'),
(552,	19,	'self',	75,	'2013-10-21'),
(552,	20,	'self',	75,	'2013-10-21'),
(555,	22,	'self',	75,	'2014-06-12'),
(555,	23,	'self',	75,	'2014-06-12'),
(558,	7,	'self',	40,	'2013-06-28'),
(558,	8,	'self',	40,	'2013-06-28'),
(567,	15,	'view',	38,	NULL),
(567,	16,	'view',	38,	NULL),
(567,	19,	'self',	75,	'2013-10-21'),
(567,	20,	'self',	75,	'2013-10-21'),
(572,	7,	'self',	118,	'2012-11-29'),
(572,	8,	'self',	118,	'2012-12-07'),
(572,	13,	'self',	118,	'2013-05-22'),
(582,	7,	'view',	40,	'2014-08-26'),
(582,	8,	'view',	40,	'2014-08-26'),
(582,	21,	'view',	40,	'2014-08-26'),
(583,	19,	'self',	75,	'2013-11-18'),
(583,	20,	'self',	75,	'2013-11-18'),
(595,	7,	'self',	118,	'2012-11-29'),
(595,	8,	'self',	118,	'2012-12-07'),
(595,	13,	'self',	118,	'2013-05-22'),
(596,	7,	'self',	118,	'2012-11-29'),
(596,	8,	'self',	118,	'2012-12-07'),
(596,	13,	'self',	118,	'2013-05-22'),
(599,	7,	'all',	40,	'2014-08-14'),
(599,	8,	'all',	40,	'2014-08-14'),
(599,	13,	'self',	118,	'2013-05-22'),
(599,	15,	'view',	52,	'2013-08-14'),
(599,	16,	'view',	52,	'2013-08-14'),
(599,	19,	'self',	75,	'2013-11-18'),
(599,	20,	'self',	75,	'2013-11-18'),
(599,	21,	'all',	40,	'2014-09-19'),
(602,	19,	'self',	75,	'2013-10-21'),
(602,	20,	'self',	75,	'2013-10-21'),
(603,	7,	'self',	40,	NULL),
(603,	8,	'self',	40,	NULL),
(603,	26,	'self',	75,	'2015-09-23'),
(603,	27,	'self',	75,	'2015-09-23'),
(605,	7,	'self',	118,	'2012-11-29'),
(605,	8,	'self',	118,	'2012-12-07'),
(605,	13,	'self',	118,	'2013-05-22'),
(607,	19,	'self',	75,	'2013-10-21'),
(607,	20,	'self',	75,	'2013-10-21'),
(609,	7,	'pdi',	118,	'2012-12-24'),
(609,	8,	'pdi',	118,	'2012-12-24'),
(609,	9,	'self',	118,	NULL),
(609,	10,	'pdi',	118,	NULL),
(609,	13,	'pdi',	118,	'2013-05-22'),
(610,	7,	'self',	82,	'2013-07-09'),
(610,	8,	'self',	82,	'2013-07-09'),
(610,	13,	'self',	82,	'2013-07-09'),
(613,	7,	'self',	118,	'2012-11-09'),
(613,	8,	'self',	118,	'2012-12-07'),
(613,	13,	'self',	118,	'2013-05-22'),
(614,	24,	'self',	38,	'2014-07-04'),
(614,	25,	'self',	38,	'2014-07-04'),
(614,	26,	'self',	75,	'2015-09-23'),
(614,	27,	'self',	75,	'2015-09-23'),
(614,	28,	'all',	75,	'2015-12-07'),
(614,	29,	'all',	75,	'2015-12-07'),
(620,	22,	'self',	75,	'2014-06-12'),
(620,	23,	'self',	75,	'2014-06-12'),
(622,	15,	'view',	52,	'2013-09-05'),
(622,	16,	'view',	52,	'2013-09-05'),
(622,	19,	'self',	622,	'2013-11-19'),
(622,	20,	'self',	622,	'2013-11-19'),
(622,	22,	'self',	118,	'2014-07-11'),
(622,	23,	'self',	118,	'2014-07-11'),
(631,	15,	'view',	118,	NULL),
(631,	16,	'view',	118,	NULL),
(631,	19,	'self',	38,	'2013-11-20'),
(631,	20,	'self',	38,	'2013-11-20'),
(633,	15,	'view',	118,	NULL),
(633,	16,	'view',	118,	NULL),
(633,	19,	'self',	75,	'2013-12-06'),
(633,	20,	'self',	75,	'2013-12-06'),
(633,	22,	'self',	75,	'2013-05-09'),
(633,	23,	'self',	75,	'2013-05-13'),
(634,	7,	'self',	40,	'2013-06-28'),
(634,	8,	'self',	40,	'2013-06-28'),
(634,	15,	'view',	52,	'2013-11-06'),
(634,	16,	'view',	52,	'2013-11-06'),
(636,	19,	'self',	75,	'2013-10-21'),
(636,	20,	'self',	75,	'2013-10-21'),
(637,	7,	'self',	40,	'2013-06-28'),
(637,	8,	'self',	40,	'2013-06-28'),
(641,	19,	'self',	75,	'2013-10-21'),
(641,	20,	'self',	75,	'2013-10-21'),
(647,	22,	'self',	75,	'2014-06-12'),
(647,	23,	'self',	75,	'2014-06-12'),
(648,	7,	'self',	40,	'2014-01-22'),
(648,	8,	'self',	40,	'2014-01-22'),
(648,	15,	'view',	52,	'2013-09-05'),
(648,	16,	'view',	52,	'2013-09-05'),
(648,	19,	'self',	72,	'2013-11-25'),
(648,	20,	'self',	72,	'2013-11-25'),
(649,	15,	'view',	52,	'2013-09-05'),
(649,	16,	'view',	52,	'2013-09-05'),
(649,	19,	'self',	72,	'2013-11-21'),
(649,	20,	'self',	72,	'2013-11-21'),
(649,	22,	'self',	75,	'2013-05-09'),
(649,	23,	'self',	75,	'2013-05-13'),
(650,	15,	'view',	52,	'2013-09-05'),
(650,	16,	'view',	52,	'2013-09-05'),
(650,	19,	'self',	75,	'2013-10-31'),
(650,	20,	'self',	75,	'2013-10-31'),
(650,	22,	'self',	75,	'2013-05-09'),
(650,	23,	'self',	75,	'2013-05-13'),
(651,	7,	'self',	40,	'2014-06-17'),
(651,	8,	'self',	40,	'2014-06-17'),
(651,	15,	'view',	52,	'2013-10-07'),
(651,	16,	'view',	52,	'2013-10-07'),
(651,	19,	'self',	72,	'2013-11-25'),
(651,	20,	'self',	72,	'2013-11-25'),
(652,	7,	'self',	9,	'2014-08-27'),
(652,	8,	'self',	9,	'2014-08-27'),
(652,	15,	'view',	52,	'2013-10-07'),
(652,	16,	'view',	52,	'2013-10-07'),
(653,	7,	'self',	40,	NULL),
(653,	8,	'self',	40,	NULL),
(653,	19,	'self',	75,	NULL),
(653,	20,	'self',	75,	'2013-10-21'),
(653,	26,	'self',	75,	'2015-09-23'),
(653,	27,	'self',	75,	'2015-09-23'),
(653,	28,	'self',	614,	'2015-12-21'),
(653,	29,	'self',	614,	'2015-12-21'),
(654,	19,	'self',	75,	'2013-10-21'),
(654,	20,	'self',	75,	'2013-10-21'),
(654,	22,	'self',	75,	'2013-05-09'),
(654,	23,	'self',	75,	'2013-05-13'),
(654,	26,	'self',	75,	'2015-09-23'),
(654,	27,	'self',	75,	'2015-09-23'),
(654,	28,	'self',	614,	'2015-12-21'),
(654,	29,	'self',	614,	'2015-12-21'),
(655,	7,	'self',	40,	'2014-01-22'),
(655,	8,	'self',	40,	'2014-01-22'),
(655,	19,	'view',	75,	'2013-10-21'),
(655,	20,	'view',	75,	'2013-10-21'),
(656,	7,	'self',	72,	'2014-06-13'),
(656,	8,	'self',	72,	'2014-06-13'),
(656,	19,	'self',	75,	'2013-10-21'),
(656,	20,	'self',	75,	'2013-10-21'),
(657,	19,	'self',	75,	'2013-10-21'),
(657,	20,	'self',	75,	'2013-10-21'),
(657,	22,	'self',	75,	'2013-05-09'),
(657,	23,	'self',	75,	'2013-05-13'),
(658,	19,	'self',	75,	'2013-10-21'),
(658,	20,	'self',	75,	'2013-10-21'),
(658,	22,	'self',	75,	'2013-05-09'),
(658,	23,	'self',	75,	'2013-05-13'),
(658,	26,	'self',	75,	'2015-09-23'),
(658,	27,	'self',	75,	'2015-09-23'),
(658,	28,	'self',	614,	'2015-12-21'),
(658,	29,	'self',	614,	'2015-12-21'),
(659,	7,	'self',	40,	NULL),
(659,	8,	'self',	40,	NULL),
(659,	19,	'self',	75,	'2013-10-21'),
(659,	20,	'self',	75,	'2013-10-21'),
(659,	24,	'all',	38,	'2014-07-17'),
(659,	25,	'all',	38,	'2014-07-17'),
(661,	19,	'self',	75,	'2013-11-18'),
(661,	20,	'self',	75,	'2013-11-18'),
(668,	7,	'self',	40,	NULL),
(668,	8,	'self',	40,	NULL),
(671,	7,	'self',	40,	NULL),
(671,	8,	'self',	40,	NULL),
(681,	7,	'view',	118,	NULL),
(682,	7,	'view',	118,	NULL),
(763,	26,	'self',	75,	'2015-09-23'),
(763,	27,	'self',	75,	'2015-09-23'),
(782,	24,	'view',	118,	'2014-08-28'),
(782,	25,	'view',	118,	'2014-08-28'),
(822,	7,	'self',	40,	NULL),
(822,	8,	'self',	40,	NULL),
(833,	22,	'self',	75,	'2014-06-12'),
(833,	23,	'self',	75,	'2014-06-12'),
(848,	22,	'self',	75,	'2014-08-27'),
(848,	23,	'self',	75,	'2014-08-27'),
(848,	24,	'self',	38,	'2014-07-04'),
(848,	25,	'self',	38,	'2014-07-04'),
(848,	26,	'self',	118,	NULL),
(848,	27,	'self',	118,	NULL),
(849,	24,	'self',	38,	'2014-07-04'),
(849,	25,	'self',	38,	'2014-07-04'),
(849,	26,	'self',	75,	'2015-09-23'),
(849,	27,	'self',	75,	'2015-09-23'),
(849,	28,	'self',	614,	'2015-12-21'),
(849,	29,	'self',	614,	'2015-12-21'),
(850,	24,	'self',	38,	'2014-07-04'),
(850,	25,	'self',	38,	'2014-07-04'),
(851,	22,	'self',	75,	'2014-08-27'),
(851,	23,	'self',	75,	'2014-08-27'),
(851,	24,	'self',	38,	'2014-07-04'),
(851,	25,	'self',	38,	'2014-07-04'),
(852,	24,	'self',	38,	'2014-07-04'),
(852,	25,	'self',	38,	'2014-07-04'),
(853,	7,	'self',	9,	'2015-08-12'),
(853,	8,	'self',	9,	'2015-08-12'),
(853,	24,	'self',	38,	'2014-07-04'),
(853,	25,	'self',	38,	'2014-07-04'),
(854,	24,	'self',	38,	'2014-07-04'),
(854,	25,	'self',	38,	'2014-07-04'),
(854,	26,	'self',	75,	'2015-09-23'),
(854,	27,	'self',	75,	'2015-09-23'),
(854,	28,	'self',	614,	'2015-12-21'),
(854,	29,	'self',	614,	'2015-12-21'),
(855,	24,	'self',	38,	'2014-07-04'),
(855,	25,	'self',	38,	'2014-07-04'),
(856,	24,	'self',	38,	'2014-07-04'),
(856,	25,	'self',	38,	'2014-07-04'),
(859,	6,	'all',	118,	'2014-07-11'),
(859,	9,	'all',	118,	'2014-07-11'),
(893,	7,	'all',	9,	'2015-06-16'),
(893,	8,	'all',	9,	'2015-06-16'),
(893,	21,	'all',	9,	'2015-06-16'),
(894,	22,	'self',	118,	'2014-08-11'),
(894,	23,	'self',	118,	'2014-08-11'),
(894,	26,	'all',	75,	'2015-09-23'),
(894,	27,	'all',	75,	'2015-09-23'),
(894,	28,	'all',	75,	'2015-12-07'),
(894,	29,	'all',	75,	'2015-12-07'),
(942,	22,	'self',	75,	'2014-06-12'),
(942,	23,	'self',	75,	'2014-06-12'),
(979,	22,	'view',	118,	'2015-10-13'),
(979,	23,	'view',	118,	'2015-10-13'),
(1015,	6,	'view',	118,	'2015-10-13'),
(1015,	22,	'view',	118,	'2015-10-13'),
(1023,	28,	'self',	894,	'2016-04-22'),
(1023,	29,	'self',	894,	'2016-04-22'),
(1024,	28,	'self',	894,	'2016-04-22'),
(1024,	29,	'self',	894,	'2016-04-22'),
(1026,	36,	'self',	118,	'2016-10-13'),
(1026,	37,	'self',	118,	'2016-10-13'),
(1179,	7,	'view',	118,	'2014-07-10'),
(1366,	7,	'view',	118,	NULL),
(1453,	7,	'view',	118,	NULL);

DROP TABLE IF EXISTS `tbl_rms_chklist_instance_rci`;
CREATE TABLE `tbl_rms_chklist_instance_rci` (
  `RCI_ChklistId` int(10) NOT NULL,
  `RCI_RvwHdrInstanceId` int(10) NOT NULL,
  `RCI_RvwIterationId` int(4) NOT NULL,
  `RCI_RvwHdrInstanceAutoId` int(10) NOT NULL,
  `RCI_ChklistAutoId` int(10) NOT NULL AUTO_INCREMENT,
  `RCI_RvwResult` enum('Pass','Fail','N/A') DEFAULT NULL,
  `RCI_UpdatedBy` int(8) DEFAULT NULL,
  `RCI_UpdatedOn` datetime DEFAULT NULL,
  PRIMARY KEY (`RCI_ChklistId`,`RCI_RvwHdrInstanceId`,`RCI_RvwIterationId`),
  UNIQUE KEY `RCI_ChklistAutoId` (`RCI_ChklistAutoId`),
  KEY `FK2_chklistinstancetbl` (`RCI_RvwHdrInstanceId`),
  KEY `FK_tbl_rms_chklist_instance_rci` (`RCI_RvwHdrInstanceAutoId`),
  KEY `FK3_tbl_rms_chklist_instance_rci` (`RCI_UpdatedBy`),
  CONSTRAINT `FK1_chklistinstancetbl` FOREIGN KEY (`RCI_ChklistId`) REFERENCES `tbl_rms_rvw_chklist_rrc` (`RRC_ChkListId`),
  CONSTRAINT `FK3_tbl_rms_chklist_instance_rci` FOREIGN KEY (`RCI_UpdatedBy`) REFERENCES `tbl_fou_employee_emp` (`EMP_User_id`),
  CONSTRAINT `FK_tbl_rms_chklist_instance_rci` FOREIGN KEY (`RCI_RvwHdrInstanceAutoId`) REFERENCES `tbl_rms_rvw_hdr_instance_rhi` (`RHI_RvwInstanceAutoId`)
) ENGINE=InnoDB DEFAULT CHARSET=latin1 CHECKSUM=1 DELAY_KEY_WRITE=1 ROW_FORMAT=DYNAMIC;


DROP TABLE IF EXISTS `tbl_rms_cmts_details_rcd`;
CREATE TABLE `tbl_rms_cmts_details_rcd` (
  `RCD_CommentId` int(11) NOT NULL,
  `RCD_ClarificationId` int(10) NOT NULL AUTO_INCREMENT,
  `RCD_Clarification` varchar(2000) DEFAULT NULL,
  `RCD_Response` varchar(2000) DEFAULT NULL,
  `RCD_Date` date DEFAULT NULL,
  `RCD_UpdatedBy` int(11) DEFAULT NULL,
  `RCD_UpdatedOn` datetime DEFAULT NULL,
  PRIMARY KEY (`RCD_ClarificationId`),
  KEY `FK1_tbl_rms_cmts_details_rcd` (`RCD_CommentId`),
  KEY `FK2_tbl_rms_cmts_details_rcd` (`RCD_UpdatedBy`),
  CONSTRAINT `FK1_tbl_rms_cmts_details_rcd` FOREIGN KEY (`RCD_CommentId`) REFERENCES `tbl_rms_cmts_instance_rcm` (`RCM_CommentId`),
  CONSTRAINT `FK2_tbl_rms_cmts_details_rcd` FOREIGN KEY (`RCD_UpdatedBy`) REFERENCES `tbl_fou_employee_emp` (`EMP_User_id`)
) ENGINE=InnoDB DEFAULT CHARSET=latin1 CHECKSUM=1 DELAY_KEY_WRITE=1 ROW_FORMAT=DYNAMIC;


DROP TABLE IF EXISTS `tbl_rms_cmts_instance_rcm`;
CREATE TABLE `tbl_rms_cmts_instance_rcm` (
  `RCM_CommentId` int(10) NOT NULL AUTO_INCREMENT,
  `RCM_ChkListInstanceId` int(8) NOT NULL,
  `RCM_CommentRef` varchar(1000) DEFAULT NULL,
  `RCM_CommentDetail` varchar(3000) NOT NULL,
  `RCM_CommentResponse` varchar(3000) DEFAULT '',
  `RCM_CommentState` enum('Critical','Major','Minor','Cosmetic','Defect from Prev LCI','No defect') NOT NULL DEFAULT 'Critical',
  `RCM_CommentStatus` enum('1','0') DEFAULT '0',
  `RCM_CommentCategory` enum('Legacy','Delta') DEFAULT 'Legacy',
  `RCM_UpdatedBy` int(11) DEFAULT NULL,
  `RCM_UpdatedOn` datetime DEFAULT NULL,
  `RCM_CreatedBy` int(11) DEFAULT NULL,
  `RCM_CreatedOn` datetime DEFAULT NULL,
  `RCM_ResponseUpdBy` int(11) DEFAULT NULL,
  `RCM_ResponseUpdOn` datetime DEFAULT NULL,
  PRIMARY KEY (`RCM_CommentId`),
  KEY `FK_tbl_rms_cmts_instance_rcm` (`RCM_ChkListInstanceId`),
  CONSTRAINT `FK_tbl_rms_cmts_instance_rcm` FOREIGN KEY (`RCM_ChkListInstanceId`) REFERENCES `tbl_rms_chklist_instance_rci` (`RCI_ChklistAutoId`)
) ENGINE=InnoDB DEFAULT CHARSET=latin1 CHECKSUM=1 DELAY_KEY_WRITE=1 ROW_FORMAT=DYNAMIC;


DROP TABLE IF EXISTS `tbl_rms_pdi_det_pdr`;
CREATE TABLE `tbl_rms_pdi_det_pdr` (
  `PDR_IterationId` int(4) NOT NULL,
  `PDR_PHRId` int(10) NOT NULL,
  `PDR_Recommended` enum('Delivery Rejected','Delivery Recommended','Not complete') NOT NULL DEFAULT 'Not complete' COMMENT '''1''=In Progress, ''2''=Delivery Rejected, ''3''=Delivery Recommended',
  `PDR_PDIInspectorId` int(8) NOT NULL,
  `PDR_ApproverId` int(8) NOT NULL,
  `PDR_RecommendedDate` datetime DEFAULT NULL,
  `PDR_ApproverDate` datetime DEFAULT NULL,
  `PDR_InspectionFinding` varchar(2000) NOT NULL DEFAULT '',
  `PDR_InspectionDate` datetime NOT NULL,
  `PDR_UpdatedBy` int(8) DEFAULT NULL,
  `PDR_UpdatedOn` datetime DEFAULT NULL,
  PRIMARY KEY (`PDR_IterationId`,`PDR_PHRId`)
) ENGINE=InnoDB DEFAULT CHARSET=latin1;


DROP TABLE IF EXISTS `tbl_rms_pdi_fnd_pdf`;
CREATE TABLE `tbl_rms_pdi_fnd_pdf` (
  `PDF_PHRId` int(10) NOT NULL,
  `PDF_PDRIterationId` int(4) NOT NULL,
  `PDF_PDFId` int(10) NOT NULL AUTO_INCREMENT,
  `PDF_WorkProduct` varchar(500) DEFAULT NULL,
  `PDF_ReviewReference` varchar(500) DEFAULT NULL,
  `PDF_RHIAutoInstanceId` int(4) NOT NULL,
  `PDF_RCMCommentId` int(4) NOT NULL,
  `PDF_Result` enum('PASS','FAIL') NOT NULL DEFAULT 'FAIL',
  `PDF_AuthorName` varchar(200) NOT NULL,
  `PDF_ReviewerName` varchar(500) NOT NULL,
  `PDF_DefectType` enum('Technical','Documentation','Standard','Process') DEFAULT 'Technical',
  `PDF_DefectSeverity` enum('Critical','Major','Minor','Cosmetic','Defect from Prev LCI','No defect') NOT NULL DEFAULT 'Critical',
  `PDF_DefectDesc` varchar(2000) NOT NULL DEFAULT '',
  `PDF_DefectResp` varchar(2000) DEFAULT '',
  `PDF_Closed` enum('1','0') DEFAULT '0',
  `PDF_UpdatedBy` int(8) DEFAULT NULL,
  `PDF_UpdatedOn` datetime DEFAULT NULL,
  PRIMARY KEY (`PDF_PDFId`)
) ENGINE=InnoDB DEFAULT CHARSET=latin1;


DROP TABLE IF EXISTS `tbl_rms_pdi_hdr_phr`;
CREATE TABLE `tbl_rms_pdi_hdr_phr` (
  `PHR_PDIId` int(10) NOT NULL AUTO_INCREMENT,
  `PHR_ProjectId` int(8) NOT NULL,
  `PHR_RvwTypeId` int(8) NOT NULL,
  `PHR_PDIInspectorId` int(8) NOT NULL,
  `PHR_PDIAssociateId` int(8) DEFAULT NULL,
  `PHR_State` enum('1','2','3','4','5') NOT NULL DEFAULT '1' COMMENT '''1''=PDI Report In Progress,''2''=PDI Associate Edit,''3''=PDI Ready for Re-review,''4''=PDI Report Rejected|''5''=PDI Report Recommended',
  `PHR_Closed` enum('y','n') NOT NULL DEFAULT 'n',
  `PHR_EffortInMinutes` int(6) DEFAULT '0',
  `PHR_PDIDate` datetime DEFAULT NULL,
  `PHR_DeliveryDetails` varchar(5000) DEFAULT NULL,
  `PHR_WorkProductType` varchar(500) DEFAULT '',
  `PHR_TotalWorkProducts` int(6) DEFAULT '0',
  `PHR_InspectedWorkProducts` int(6) DEFAULT '0',
  `PHR_UpdatedBy` int(8) DEFAULT NULL,
  `PHR_UpdatedOn` datetime DEFAULT NULL,
  PRIMARY KEY (`PHR_PDIId`,`PHR_ProjectId`,`PHR_RvwTypeId`)
) ENGINE=InnoDB DEFAULT CHARSET=latin1;


DROP TABLE IF EXISTS `tbl_rms_pdi_items_phi`;
CREATE TABLE `tbl_rms_pdi_items_phi` (
  `PHI_PHRId` int(10) NOT NULL DEFAULT '0',
  `PHI_ProjectId` int(8) NOT NULL,
  `PHI_RvwTypeId` int(8) NOT NULL,
  `PHI_RHIRvwInstanceAutoId` int(8) NOT NULL,
  `PHI_UpdatedBy` int(8) DEFAULT NULL,
  `PHI_UpdatedOn` datetime DEFAULT NULL
) ENGINE=InnoDB DEFAULT CHARSET=latin1;


DROP TABLE IF EXISTS `tbl_rms_project_details_rpr`;
CREATE TABLE `tbl_rms_project_details_rpr` (
  `RPR_ProjectId` int(8) NOT NULL,
  `RPR_ProjectName` varchar(250) NOT NULL,
  `RPR_ProjMgrId` int(8) DEFAULT NULL,
  `RPR_ProjStatus` enum('active','inactive') DEFAULT 'active',
  `RPR_UpdatedBy` int(8) DEFAULT NULL,
  `RPR_UpdatedOn` date DEFAULT NULL,
  PRIMARY KEY (`RPR_ProjectId`),
  KEY `FK_tbl_rms_project_details_rpr` (`RPR_ProjMgrId`),
  KEY `FK3_tbl_rms_project_details_rpr` (`RPR_UpdatedBy`),
  CONSTRAINT `FK1_tbl_rms_project_details_rpr` FOREIGN KEY (`RPR_ProjectId`) REFERENCES `tbl_prj_project_prj` (`PRJ_Project_id`),
  CONSTRAINT `FK3_tbl_rms_project_details_rpr` FOREIGN KEY (`RPR_UpdatedBy`) REFERENCES `tbl_fou_employee_emp` (`EMP_User_id`),
  CONSTRAINT `FK_tbl_rms_project_details_rpr` FOREIGN KEY (`RPR_ProjMgrId`) REFERENCES `tbl_fou_employee_emp` (`EMP_User_id`)
) ENGINE=InnoDB DEFAULT CHARSET=latin1 CHECKSUM=1 DELAY_KEY_WRITE=1 ROW_FORMAT=DYNAMIC;

INSERT INTO `tbl_rms_project_details_rpr` (`RPR_ProjectId`, `RPR_ProjectName`, `RPR_ProjMgrId`, `RPR_ProjStatus`, `RPR_UpdatedBy`, `RPR_UpdatedOn`) VALUES
(32,	'SA Tool Dev',	118,	'active',	118,	NULL),
(33,	'SA New TLS',	118,	'active',	118,	NULL),
(178,	'IAI TAXIBOT HLC V&V',	9,	'active',	118,	NULL),
(205,	'CWCIS-CH53KDCU-TM',	118,	'inactive',	118,	NULL),
(209,	'IAI-TAXIBOT DEVELOPMENT SUPPORT',	9,	'active',	118,	NULL),
(233,	'Program Group_IAI_WR_PR',	19,	'active',	118,	NULL),
(253,	'CWCAE-CH47DCU',	9,	'inactive',	118,	NULL),
(261,	'CWCAE-CH47DCU-CANADA',	75,	'inactive',	118,	NULL),
(283,	'CWCAE CH53K DCU P2',	75,	'active',	118,	NULL),
(291,	'CWCAE-CH47 DCU-ITY-P2',	9,	'active',	118,	NULL),
(384,	'CWCAE CH53K DCU P3',	75,	'active',	118,	NULL),
(386,	'CWCAE-CH47 DCU-P2',	75,	'active',	118,	NULL),
(456,	'SOMFY-HALSTM32F',	9,	'active',	118,	NULL);

DROP TABLE IF EXISTS `tbl_rms_project_release_rel`;
CREATE TABLE `tbl_rms_project_release_rel` (
  `REL_ReleaseId` int(4) NOT NULL AUTO_INCREMENT,
  `REL_ProjectId` int(8) NOT NULL,
  `REL_ReleaseName` varchar(100) DEFAULT '',
  `REL_ReleaseDate` datetime DEFAULT NULL,
  `REL_ReleaseStatus` enum('open','pdi','release','suspend','closed') DEFAULT NULL,
  `REL_UpdatedBy` int(8) DEFAULT NULL,
  `REL_UpdatedOn` datetime DEFAULT NULL,
  PRIMARY KEY (`REL_ReleaseId`),
  KEY `FK_tbl_rms_project_details_rpr` (`REL_ReleaseName`),
  KEY `FK3_tbl_rms_project_details_rpr` (`REL_UpdatedBy`)
) ENGINE=InnoDB DEFAULT CHARSET=latin1;


DROP TABLE IF EXISTS `tbl_rms_resulttypes_rrt`;
CREATE TABLE `tbl_rms_resulttypes_rrt` (
  `RRT_ResultId` int(8) NOT NULL AUTO_INCREMENT,
  `RRT_ResultOptions` varchar(100) NOT NULL,
  `RRT_ResultDefault` int(4) NOT NULL DEFAULT '0',
  `RRT_ResultPass` int(4) NOT NULL DEFAULT '0',
  PRIMARY KEY (`RRT_ResultId`)
) ENGINE=InnoDB DEFAULT CHARSET=latin1 CHECKSUM=1 DELAY_KEY_WRITE=1 ROW_FORMAT=DYNAMIC;


DROP TABLE IF EXISTS `tbl_rms_rvw_addnl_chklist_rac`;
CREATE TABLE `tbl_rms_rvw_addnl_chklist_rac` (
  `RAC_ChkListId` int(8) NOT NULL AUTO_INCREMENT,
  `RAC_RvwTypeId` int(11) NOT NULL,
  `RAC_ChkListType` enum('hdr','det') NOT NULL,
  `RAC_Reference` varchar(50) NOT NULL DEFAULT 'n/a',
  `RAC_Description` varchar(1000) NOT NULL DEFAULT '',
  `RAC_ChkListPos` int(4) NOT NULL,
  `RAC_ResultTypeId` int(4) DEFAULT NULL,
  `RAC_UpdatedBy` int(8) DEFAULT NULL,
  `RAC_UpdatedOn` datetime DEFAULT NULL,
  PRIMARY KEY (`RAC_ChkListId`),
  KEY `FK1_rvwchklisttbl` (`RAC_RvwTypeId`),
  KEY `FK2_rvwchklisttbl` (`RAC_ResultTypeId`),
  KEY `FK3_tbl_rms_rvw_chklist_rrc` (`RAC_UpdatedBy`)
) ENGINE=InnoDB DEFAULT CHARSET=latin1;


DROP TABLE IF EXISTS `tbl_rms_rvw_chklist_rrc`;
CREATE TABLE `tbl_rms_rvw_chklist_rrc` (
  `RRC_ChkListId` int(8) NOT NULL AUTO_INCREMENT,
  `RRC_RvwTypeId` int(11) NOT NULL,
  `RRC_Category` enum('main','pdi') NOT NULL DEFAULT 'main',
  `RRC_ChkListType` enum('hdr','det') NOT NULL,
  `RRC_Reference` varchar(50) NOT NULL DEFAULT 'n/a',
  `RRC_Description` varchar(2000) NOT NULL DEFAULT '',
  `RRC_Tip` varchar(1000) DEFAULT NULL,
  `RRC_ChkListPos` int(4) NOT NULL,
  `RRC_ResultTypeId` int(4) DEFAULT NULL,
  `RRC_UpdatedBy` int(8) DEFAULT NULL,
  `RRC_UpdatedOn` datetime DEFAULT NULL,
  PRIMARY KEY (`RRC_ChkListId`),
  KEY `FK1_rvwchklisttbl` (`RRC_RvwTypeId`),
  KEY `FK2_rvwchklisttbl` (`RRC_ResultTypeId`),
  KEY `FK3_tbl_rms_rvw_chklist_rrc` (`RRC_UpdatedBy`),
  CONSTRAINT `FK1_rvwchklisttbl` FOREIGN KEY (`RRC_RvwTypeId`) REFERENCES `tbl_rms_rvw_type_rrv` (`RRV_RvwTypeId`),
  CONSTRAINT `FK2_rvwchklisttbl` FOREIGN KEY (`RRC_ResultTypeId`) REFERENCES `tbl_rms_resulttypes_rrt` (`RRT_ResultId`),
  CONSTRAINT `FK3_tbl_rms_rvw_chklist_rrc` FOREIGN KEY (`RRC_UpdatedBy`) REFERENCES `tbl_fou_employee_emp` (`EMP_User_id`)
) ENGINE=InnoDB DEFAULT CHARSET=latin1 CHECKSUM=1 DELAY_KEY_WRITE=1 ROW_FORMAT=DYNAMIC;

INSERT INTO `tbl_rms_rvw_chklist_rrc` (`RRC_ChkListId`, `RRC_RvwTypeId`, `RRC_Category`, `RRC_ChkListType`, `RRC_Reference`, `RRC_Description`, `RRC_Tip`, `RRC_ChkListPos`, `RRC_ResultTypeId`, `RRC_UpdatedBy`, `RRC_UpdatedOn`) VALUES
(1,	1,	'main',	'hdr',	'n/a',	'',	NULL,	1,	NULL,	NULL,	NULL),
(2,	1,	'main',	'det',	'7.2.1',	'Is the document under configuration control?',	NULL,	2,	NULL,	NULL,	NULL),
(3,	1,	'main',	'det',	'7.2.1',	'Are all inputs to perform this review baselined and under configuration control?',	NULL,	3,	NULL,	NULL,	NULL),
(4,	1,	'main',	'det',	'7.2.1',	'Is the configuration correct and consistent with the configuration naming convention?',	NULL,	4,	NULL,	NULL,	NULL),
(5,	1,	'main',	'det',	'11.11',	'Is a revision history provided and accurate?',	NULL,	5,	NULL,	NULL,	NULL),
(6,	1,	'main',	'det',	'n/a',	'Any outstanding failures or observations from the previous review have been addressed?',	NULL,	6,	NULL,	NULL,	NULL),
(7,	1,	'main',	'hdr',	'n/a',	'Compliance with low-level requirements/software architecture',	NULL,	7,	NULL,	NULL,	NULL),
(8,	1,	'main',	'det',	'6.3.4(e)',	'Is source code traceable to the software low-level requirements or design entity and, if applicable, the hardware design?',	NULL,	8,	NULL,	NULL,	NULL),
(9,	1,	'main',	'det',	'6.3.4(a,b)',	'Does source code accurately implement the software low-level requirements or design entity and consistent with the architecture?( N/A if autocode)',	NULL,	9,	NULL,	NULL,	NULL),
(10,	1,	'main',	'det',	'6.3.4(d), 11.11',	'Is data definition in source code comply with the software low-level requirements and software architecture? ( N/A if autocode)',	NULL,	10,	NULL,	NULL,	NULL),
(11,	1,	'main',	'det',	'6.3.4(a,f)\r\n',	'Is the data flow and control flow as defined in software low-level requirements?\r\n',	NULL,	11,	NULL,	NULL,	NULL),
(12,	1,	'main',	'hdr',	'n/a',	'Consistency and Completeness\r\n',	NULL,	12,	NULL,	NULL,	NULL),
(13,	1,	'main',	'det',	'6.3.4(f)\r\n',	'Are there any unused variables?\r\n',	NULL,	13,	NULL,	NULL,	NULL),
(14,	1,	'main',	'det',	'n/a',	'Are all variables explicitly initialized before use?\r\n',	NULL,	14,	NULL,	NULL,	NULL),
(15,	1,	'main',	'det',	'6.3.4(f)\r\n',	'Ensure that where applicable, data hiding principles have been followed (e.g. scoping mechanism)?\r\n',	NULL,	15,	NULL,	NULL,	NULL),
(16,	1,	'main',	'det',	'n/a',	'Are all loop constructs designed to terminate within a guaranteed maximum time?\r\n',	NULL,	16,	NULL,	NULL,	NULL),
(17,	1,	'main',	'det',	'6.3.4(f)\r\n',	'Are invalid mathematical operations like divide-by-zero, square root of negative number not used, if any, trapped and handled?\r\n',	NULL,	17,	NULL,	NULL,	NULL),
(18,	1,	'main',	'det',	'6.3.4(f)\r\n',	'Are generic pointers declared in the code item cast to correct type before use?\r\n',	NULL,	18,	NULL,	NULL,	NULL),
(19,	1,	'main',	'det',	'6.3.4(f)\r\n',	'Is the usage of NULL pointer appropriate? A null ?pointer is always compared (for equality) to a constant zero, not to a variable that has the value ?zero. Null pointer is casted to appropriate type before use?\r\n',	NULL,	19,	NULL,	NULL,	NULL),
(20,	1,	'main',	'det',	'n/a',	'Does the source code compile without any errors or warnings?\r\n',	NULL,	20,	NULL,	NULL,	NULL),
(21,	1,	'main',	'hdr',	'n/a',	'Readability and Maintainability\r\n',	NULL,	21,	NULL,	NULL,	NULL),
(22,	1,	'main',	'det',	'n/a',	'Is the source code laid out in a logical and readable manner, with suitable comments?\r\n',	NULL,	22,	NULL,	NULL,	NULL),
(23,	1,	'main',	'hdr',	'n/a',	'Verifiability\r\n',	NULL,	23,	NULL,	NULL,	NULL),
(24,	1,	'main',	'det',	'6.3.4(c)\r\n',	'Does the source code address testability and there are no untestable constructs?\r\n',	NULL,	24,	NULL,	NULL,	NULL),
(25,	1,	'main',	'hdr',	'6.3.4(d)\r\n',	'Software Coding Standard checklist\r\n',	NULL,	25,	NULL,	NULL,	NULL),
(26,	1,	'main',	'det',	'n/a',	'Does the source code file layout comprise of the following: header section, include section, type definition and data definition sections as per standards?\r\n',	NULL,	26,	NULL,	NULL,	NULL),
(27,	1,	'main',	'det',	'n/a',	'Does the subroutine comprise of the following sections: header section, input and output section, trigger description and operation sections as per standards?\r\n',	NULL,	27,	NULL,	NULL,	NULL),
(28,	1,	'main',	'det',	'n/a',	'Does the Header file conform to structural convention and order of declaration as per standards?\r\n',	NULL,	28,	NULL,	NULL,	NULL),
(29,	1,	'main',	'det',	'n/a',	'Is the code layout conform to spacing, indentation and comments as per standards?\r\n',	NULL,	29,	NULL,	NULL,	NULL),
(30,	1,	'main',	'det',	'n/a',	'Does all naming convention followed conforms to Coding standards?\r\n',	NULL,	30,	NULL,	NULL,	NULL),
(31,	1,	'main',	'det',	'n/a',	'Does the Code item comprise of documentation formats to support automatic extraction of software documentation?\r\n',	NULL,	31,	NULL,	NULL,	NULL),
(32,	1,	'main',	'det',	'n/a',	'Are all warnings generated by the code generation tool considered and only has acceptable warnings as per coding standards? Is the report for the same available?\r\n',	NULL,	32,	NULL,	NULL,	NULL),
(33,	1,	'main',	'det',	'n/a',	'Ensure that there are no violations of MISRA C Coding Guidlines as per compliance matrix mentioned in software coding standards?\r\n',	NULL,	33,	NULL,	NULL,	NULL),
(34,	4,	'main',	'hdr',	'n/a',	'',	NULL,	1,	NULL,	NULL,	NULL),
(35,	4,	'main',	'det',	'7.2.1',	'Is the document under configuration control?',	NULL,	2,	NULL,	NULL,	NULL),
(36,	4,	'main',	'det',	'7.2.1',	'Are all inputs to perform this review baselined and under configuration control?',	NULL,	3,	NULL,	NULL,	NULL),
(37,	4,	'main',	'det',	'7.2.1',	'Is the configuration correct and consistent with the configuration naming convention?',	NULL,	4,	NULL,	NULL,	NULL),
(38,	4,	'main',	'det',	'7.2.1',	'Are the references in the table of contents complete and correct?',	NULL,	5,	NULL,	NULL,	NULL),
(39,	4,	'main',	'det',	'NA',	'Is a revision history provided and accurate?',	NULL,	6,	NULL,	NULL,	NULL),
(40,	4,	'main',	'det',	'NA',	'Any outstanding failures or observations from the previous review have been addressed?',	NULL,	7,	NULL,	NULL,	NULL),
(41,	4,	'main',	'hdr',	'n/a',	'General',	NULL,	8,	NULL,	NULL,	NULL),
(42,	4,	'main',	'det',	'6.3.1(e)',	'Is each software requirement uniquely identified?',	NULL,	9,	NULL,	NULL,	NULL),
(43,	4,	'main',	'det',	'6.3.1(b)',	'Is each software requirement stated clearly and unambiguously so that it cannot be interpreted more than one way?',	NULL,	10,	NULL,	NULL,	NULL),
(44,	4,	'main',	'det',	'NA',	'Are acronyms and abbreviations defined and used consistently?',	NULL,	11,	NULL,	NULL,	NULL),
(45,	4,	'main',	'det',	'7.2.1',	'Are the software and LRU part numbers to which this document applies identified?',	NULL,	12,	NULL,	NULL,	NULL),
(46,	4,	'main',	'det',	'11.9(a,f)',	'Is there a functional block diagram or its equivalent depicting the system overview to show all software and hardware system components?',	NULL,	13,	NULL,	NULL,	NULL),
(47,	4,	'main',	'det',	'11.9(b)',	'Is each software and hardware component functionally described?',	NULL,	14,	NULL,	NULL,	NULL),
(48,	4,	'main',	'hdr',	'n/a',	'Traceability & Compliance with system requirements',	NULL,	15,	NULL,	NULL,	NULL),
(49,	4,	'main',	'det',	'5.5(a), 6.3.1(f)',	'Do all the functional, performance, interface and safety-related requirements traceable to system requirements?',	NULL,	16,	NULL,	NULL,	NULL),
(50,	4,	'main',	'det',	'6.3.1(a), 11.9(c,d,g)',	'Do the software requirements comply with functional, performance, interface and safety-related requirements of the system?',	NULL,	17,	NULL,	NULL,	NULL),
(51,	4,	'main',	'det',	'6.3.1(a), 11.9(e,f)',	'Do the software requirements identify all software and hardware interface requirements and are consistent with system requirements?',	NULL,	18,	NULL,	NULL,	NULL),
(52,	4,	'main',	'det',	'6.3.1(a)',	'Are the derived requirements documented at the point of origin with appropriate justification?',	NULL,	19,	NULL,	NULL,	NULL),
(53,	4,	'main',	'det',	'11.9(h)',	'Are partitioning criteria and requirements for both physical and logical partitioning of the software and hardware defined and are consistent with system requirements?',	NULL,	20,	NULL,	NULL,	NULL),
(54,	4,	'main',	'det',	'11.9(c)',	'For each functional requirement, are appropriate details and attributes identified? (for example data manipulation, control laws, accuracy, precision, tolerances)',	NULL,	21,	NULL,	NULL,	NULL),
(55,	4,	'main',	'det',	'11.9(f)',	'For each interface requirement, are appropriate details and attributes identified? (for example protocols, formats, frequency of inputs and frequency of outputs)',	NULL,	22,	NULL,	NULL,	NULL),
(56,	4,	'main',	'det',	'11.9(d)',	'For each timing requirement, are appropriate details and attributes identified? (for example timing margins, transfer and refresh rates, allowable response times and priorities, frequency of processes or computations, bus loading)',	NULL,	23,	NULL,	NULL,	NULL),
(57,	4,	'main',	'det',	'11.9(b, g)',	'Are software requirements for normal and degraded conditions identified? (For example Start-up operation, Initialization, power failure detection, hardware failure recovery, auto-restart)',	NULL,	24,	NULL,	NULL,	NULL),
(58,	4,	'main',	'hdr',	'n/a',	'Accuracy and consistency',	NULL,	25,	NULL,	NULL,	NULL),
(59,	4,	'main',	'det',	'6.3.1(b, g)',	'Is each software requirement complete, accurate, consistent and sufficiently detailed?',	NULL,	26,	NULL,	NULL,	NULL),
(60,	4,	'main',	'det',	'6.3.1(b)',	'Is each requirement unique and does not have any conflicts with other requirement?',	NULL,	27,	NULL,	NULL,	NULL),
(61,	4,	'main',	'hdr',	'n/a',	'Verifiability',	NULL,	28,	NULL,	NULL,	NULL),
(62,	4,	'main',	'det',	'6.3.1(d)',	'Is each software requirement specified quantitatively, not qualitatively?',	NULL,	29,	NULL,	NULL,	NULL),
(63,	4,	'main',	'det',	'6.3.1(d)',	'Can each software requirement be verified explicitly or implicitly by testing or analysis?',	NULL,	30,	NULL,	NULL,	NULL),
(64,	4,	'main',	'det',	'6.3.1(d)',	'Is the verification method for each requirement identified and documented?',	NULL,	31,	NULL,	NULL,	NULL),
(65,	4,	'main',	'hdr',	'n/a',	'Conformance to standards',	NULL,	32,	NULL,	NULL,	NULL),
(66,	4,	'main',	'det',	'6.3.1(e)',	'Does each software requirement contain only one shall within the text?',	NULL,	33,	NULL,	NULL,	NULL),
(67,	4,	'main',	'det',	'6.3.1(e)',	'Are the software requirements represented using activity diagrams and state machine diagrams, if applicable?',	NULL,	34,	NULL,	NULL,	NULL),
(68,	4,	'main',	'det',	'6.3.1(e)',	'Is the object type (Requirement, Header, Information or Undefined) for each software requirement specified?',	NULL,	35,	NULL,	NULL,	NULL),
(69,	4,	'main',	'det',	'6.3.1(e)',	'Is the requirement type (functional, performance, interface or safety requirement) for each software requirement specified?',	NULL,	36,	NULL,	NULL,	NULL),
(70,	4,	'main',	'hdr',	'n/a',	'Compatibility with the target computer',	NULL,	37,	NULL,	NULL,	NULL),
(71,	4,	'main',	'det',	'6.3.1(c)',	'Is any software requirement in conflict with the hardware/software features of the target computer, especially, system response times and input/output hardware?',	NULL,	38,	NULL,	NULL,	NULL),
(72,	6,	'main',	'hdr',	'n/a',	'Main',	NULL,	1,	NULL,	NULL,	NULL),
(73,	6,	'main',	'det',	'7.2.1',	'Is the document under configuration control?',	NULL,	2,	NULL,	NULL,	NULL),
(74,	6,	'main',	'det',	'7.2.1',	'Are all inputs to perform this review baselined and under configuration control?',	NULL,	3,	NULL,	NULL,	NULL),
(75,	6,	'main',	'det',	'7.2.1',	'Is the configuration correct and consistent with the configuration naming convention?',	NULL,	4,	NULL,	NULL,	NULL),
(76,	6,	'main',	'det',	'11.11',	'Is a revision history provided and accurate?',	NULL,	5,	NULL,	NULL,	NULL),
(77,	6,	'main',	'det',	'NA',	'Any outstanding failures or observations from the previous review have been addressed?',	NULL,	6,	NULL,	NULL,	NULL),
(78,	6,	'main',	'hdr',	'n/a',	'Compliance with low-level requirements/software architecture',	NULL,	7,	NULL,	NULL,	NULL),
(79,	6,	'main',	'det',	'6.3.4(e)',	'Is source code traceable to the software low-level requirements or design entity and, if applicable, the hardware design?',	NULL,	8,	NULL,	NULL,	NULL),
(80,	6,	'main',	'det',	'6.3.4(a,b)',	'Does source code accurately implement the software low-level requirements or design entity and consistent with the architecture?( N/A if autocode)',	NULL,	9,	NULL,	NULL,	NULL),
(81,	6,	'main',	'det',	'6.3.4(d), 11.11',	'Is data definition in source code comply with the software low-level requirements and software architecture? ( N/A if autocode)',	NULL,	10,	NULL,	NULL,	NULL),
(82,	6,	'main',	'det',	'6.3.4(a,f)',	'Is the data flow and control flow as defined in software low-level requirements?',	NULL,	11,	NULL,	NULL,	NULL),
(83,	6,	'main',	'hdr',	'n/a',	'Consistency and Completeness',	NULL,	12,	NULL,	NULL,	NULL),
(84,	6,	'main',	'det',	'6.3.4(f)',	'Are there any unused variables?',	NULL,	13,	NULL,	NULL,	NULL),
(85,	6,	'main',	'det',	'NA',	'Are all variables explicitly initialized before use?',	NULL,	14,	NULL,	NULL,	NULL),
(86,	6,	'main',	'det',	'6.3.4(f)',	'Ensure that where applicable, data hiding principles have been followed (e.g. scoping mechanism)?',	NULL,	15,	NULL,	NULL,	NULL),
(87,	6,	'main',	'det',	'NA',	'Are all loop constructs designed to terminate within a guaranteed maximum time?',	NULL,	16,	NULL,	NULL,	NULL),
(88,	6,	'main',	'det',	'6.3.4(f)',	'Are invalid mathematical operations like divide-by-zero, square root of negative number not used, if any, trapped and handled?',	NULL,	17,	NULL,	NULL,	NULL),
(89,	6,	'main',	'det',	'6.3.4(f)',	'Are generic pointers declared in the code item cast to correct type before use?',	NULL,	18,	NULL,	NULL,	NULL),
(90,	6,	'main',	'det',	'6.3.4(f)',	'Is the usage of NULL pointer appropriate? A null ?pointer is always compared (for equality) to a constant zero, not to a variable that has the value ?zero. Null pointer is casted to appropriate type before use?',	NULL,	19,	NULL,	NULL,	NULL),
(91,	6,	'main',	'det',	'NA',	'Does the source code compile without any errors or warnings?',	NULL,	20,	NULL,	NULL,	NULL),
(92,	6,	'main',	'hdr',	'n/a',	'Readability and Maintainability',	NULL,	21,	NULL,	NULL,	NULL),
(93,	6,	'main',	'det',	'NA',	'Is the source code laid out in a logical and readable manner, with suitable comments?',	NULL,	22,	NULL,	NULL,	NULL),
(94,	6,	'main',	'hdr',	'n/a',	'Verifiability',	NULL,	23,	NULL,	NULL,	NULL),
(95,	6,	'main',	'det',	'6.3.4(c)',	'Does the source code address testability and there are no untestable constructs?',	NULL,	24,	NULL,	NULL,	NULL),
(96,	6,	'main',	'hdr',	'n/a',	'Software Coding Standard checklist',	NULL,	25,	NULL,	NULL,	NULL),
(97,	6,	'main',	'det',	'',	'Does the source code file layout comprise of the following: header section, include section, type definition and data definition sections as per standards?',	NULL,	26,	NULL,	NULL,	NULL),
(98,	6,	'main',	'det',	'',	'Does the subroutine comprise of the following sections: header section, input and output section, trigger description and operation sections as per standards?',	NULL,	27,	NULL,	NULL,	NULL),
(99,	6,	'main',	'det',	'',	'Does the Header file conform to structural convention and order of declaration as per standards?',	NULL,	28,	NULL,	NULL,	NULL),
(100,	6,	'main',	'det',	'',	'Is the code layout conform to spacing, indentation and comments as per standards?',	NULL,	29,	NULL,	NULL,	NULL),
(101,	6,	'main',	'det',	'',	'Does all naming convention followed conforms to Coding standards?',	NULL,	30,	NULL,	NULL,	NULL),
(102,	6,	'main',	'det',	'',	'Does the Code item comprise of documentation formats to support automatic extraction of software documentation?',	NULL,	31,	NULL,	NULL,	NULL),
(103,	6,	'main',	'det',	'',	'Are all warnings generated by the code generation tool considered and only has acceptable warnings as per coding standards? Is the report for the same available?',	NULL,	32,	NULL,	NULL,	NULL),
(104,	6,	'main',	'det',	'',	'Ensure that there are no violations of MISRA C Coding Guidlines as per compliance matrix mentioned in software coding standards?',	NULL,	33,	NULL,	NULL,	NULL),
(105,	7,	'main',	'hdr',	'n/a',	'Main',	NULL,	1,	NULL,	NULL,	NULL),
(106,	7,	'main',	'det',	'7.2.1',	'Is the document under configuration control?',	NULL,	2,	NULL,	NULL,	NULL),
(107,	7,	'main',	'det',	'7.2.1',	'Are all inputs to perform this review are baselined and are under configuration control?',	NULL,	3,	NULL,	NULL,	NULL),
(108,	7,	'main',	'det',	'NA',	'Is the configuration correct and consistent with the configuration naming convention?',	NULL,	4,	NULL,	NULL,	NULL),
(109,	7,	'main',	'det',	'NA',	'Any outstanding failures or observations from the previous review have been addressed?',	NULL,	5,	NULL,	NULL,	NULL),
(110,	7,	'main',	'hdr',	'n/a',	'Completeness',	NULL,	6,	NULL,	NULL,	NULL),
(111,	7,	'main',	'det',	'7.2.1',	'Is each test case uniquely identified?',	NULL,	7,	NULL,	NULL,	NULL),
(112,	7,	'main',	'det',	'11.13a',	'Is each test case traced to the requirement (and if applicable, the associated defect) being verified?',	NULL,	8,	NULL,	NULL,	NULL),
(113,	7,	'main',	'det',	'11.13a',	'Is test case type (Normal or Robust) for each test case identified?',	NULL,	9,	NULL,	NULL,	NULL),
(114,	7,	'main',	'det',	'11.13a',	'Is object type (Header, Information or Test Case) for each test case identified?',	NULL,	10,	NULL,	NULL,	NULL),
(115,	7,	'main',	'det',	'11.13b',	'Does each test case have the following attributes identified correctly:a. purpose?b. inputs?c. test condition?d. expected outputs?',	NULL,	11,	NULL,	NULL,	NULL),
(116,	7,	'main',	'det',	'11.13b',	'Does the test case have a clear, concise and unambiguous test description?',	NULL,	12,	NULL,	NULL,	NULL),
(117,	7,	'main',	'det',	'11.13a',	'Are there sufficient number of normal range test cases present to demonstrate the ability of the software to process normal range of inputs?',	NULL,	13,	NULL,	NULL,	NULL),
(118,	7,	'main',	'det',	'11.13a',	'Are there sufficient number of robustness test cases present to demonstrate the ability of the software to process abnormal/invalid range of inputs, abnormal startup or system initialization?',	NULL,	14,	NULL,	NULL,	NULL),
(119,	7,	'main',	'det',	'11.13a',	'Are there sufficient test cases for requirements specifying time rate, period or timeframe aspects and time frame overrun?',	NULL,	15,	NULL,	NULL,	NULL),
(120,	7,	'main',	'det',	'11.13b',	'Are there any assumptions and constraints considered during test case design and noted with reasonable justification?',	NULL,	16,	NULL,	NULL,	NULL),
(121,	8,	'main',	'hdr',	'n/a',	'',	NULL,	1,	NULL,	118,	'2012-12-07 10:00:00'),
(122,	8,	'main',	'det',	'7.2.1',	'Is the document under configuration control?\r\n',	NULL,	2,	NULL,	118,	'2012-12-07 10:00:00'),
(123,	8,	'main',	'det',	'7.2.1',	'Are all inputs to perform this review are baselined and are under configuration control?\r\n',	NULL,	3,	NULL,	118,	'2012-12-07 10:00:00'),
(124,	8,	'main',	'det',	'NA',	'Is the configuration correct and consistent with the configuration naming convention?\r\n',	NULL,	4,	NULL,	118,	'2012-12-07 10:00:00'),
(125,	8,	'main',	'det',	'NA',	'Any outstanding failures or observations from the previous review have been addressed?\r\n',	NULL,	5,	NULL,	118,	'2012-12-07 10:00:00'),
(126,	8,	'main',	'hdr',	'n/a',	'Test Procedure Completeness',	NULL,	6,	NULL,	118,	'2012-12-07 10:00:00'),
(127,	8,	'main',	'det',	'11.13a,c\r\n',	'Are test procedure input and verification steps uniquely identified and with correct naming convention?\r\n',	NULL,	7,	NULL,	118,	'2012-12-07 10:00:00'),
(128,	8,	'main',	'det',	'11.13a,c\r\n',	'Is each test procedure step traced to one or more test cases?',	NULL,	8,	NULL,	118,	'2012-12-07 10:00:00'),
(129,	8,	'main',	'det',	'11.13a,c\r\n',	'Is each test procedure step traced to the correct test case (and if applicable, the associated defect)? ',	NULL,	9,	NULL,	118,	'2012-12-07 10:00:00'),
(130,	8,	'main',	'det',	'11.13a,c\r\n',	'Are there no test procedure step(s) tracing to a DELETED requirement/test case?\r\n',	NULL,	10,	NULL,	118,	'2012-12-07 10:00:00'),
(131,	8,	'main',	'det',	'11.13a,c\r\n',	'Is the functional description stated under test procedure objective clear and precise?\r\n',	NULL,	11,	NULL,	118,	'2012-12-07 10:00:00'),
(132,	8,	'main',	'det',	'11.13a,c\r\n',	'Is the test description for each test procedure step described in sufficient detail sequentially in order of execution or occurrence without any ambiguity?\r\n',	NULL,	12,	NULL,	118,	'2012-12-07 10:00:00'),
(133,	8,	'main',	'det',	'11.13c',	'Is the functionality grouped under test procedure modular and effective? (Check that the number of steps are at the optimum level and functional grouping from the system perspective is effective).\r\n',	NULL,	13,	NULL,	118,	'2012-12-07 10:00:00'),
(134,	8,	'main',	'det',	'11.13c',	'Does the test procedure state all necessary preconditions with respect to the functionality that are verified and are not contradicting or redundant?\r\n',	NULL,	14,	NULL,	118,	'2012-12-07 10:00:00'),
(135,	8,	'main',	'det',	'11.13c',	'Does the test procedure identify all the required inputs and outputs for each step and are traceable to system inputs and outputs?\r\n',	NULL,	15,	NULL,	118,	'2012-12-07 10:00:00'),
(136,	8,	'main',	'det',	'11.13c',	'Are all timing aspects required to drive inputs and outputs identified and stated clearly?\r\n',	NULL,	16,	NULL,	118,	'2012-12-07 10:00:00'),
(137,	8,	'main',	'det',	'11.13c',	'Are there sufficient test procedure steps designed to demonstrate all possible normal operation test scenarios for feature under test?\r\n',	NULL,	17,	NULL,	118,	'2012-12-07 10:00:00'),
(138,	8,	'main',	'det',	'11.13c',	'Are there sufficient test procedure steps designed to demonstrate all possible robust test scenarios for feature under test?\r\n',	NULL,	18,	NULL,	118,	'2012-12-07 10:00:00'),
(139,	8,	'main',	'det',	'11.13a,c\r\n',	'Are changes in inputs and outputs across the scenario steps maintained consistently and all required information are present in the procedure step to understand what they test?\r\n',	NULL,	19,	NULL,	118,	'2012-12-07 10:00:00'),
(140,	8,	'main',	'det',	'11.13c',	'Is the terminology used in procedure steps consistent with and has mapping to one of the test procedure input documents?\r\n',	NULL,	20,	NULL,	118,	'2012-12-07 10:00:00'),
(141,	8,	'main',	'det',	'11.13c',	'Does the test procedure identify the test environment/equipment setup and utilities?\r\n',	NULL,	21,	NULL,	118,	'2012-12-07 10:00:00'),
(142,	8,	'main',	'det',	'11.13c',	'Any assumptions and constraints considered during test procedure design are noted with justification?\r\n',	NULL,	22,	NULL,	118,	'2012-12-07 10:00:00'),
(143,	10,	'main',	'hdr',	'n/a',	'',	NULL,	1,	NULL,	118,	'2012-12-07 10:00:00'),
(144,	10,	'main',	'det',	'7.2.1',	'Is the document under configuration control?',	NULL,	2,	NULL,	118,	'2012-12-07 10:00:00'),
(145,	10,	'main',	'det',	'7.2.1',	'Are all inputs to perform this review are baselined and are under configuration control?',	NULL,	3,	NULL,	118,	'2012-12-07 10:00:00'),
(146,	10,	'main',	'det',	'NA',	'Is the configuration correct and consistent with the configuration naming convention?',	NULL,	4,	NULL,	118,	'2012-12-07 10:00:00'),
(147,	10,	'main',	'det',	'NA',	'Any outstanding failures or observations from the previous review have been addressed?',	NULL,	5,	NULL,	118,	'2012-12-07 10:00:00'),
(148,	10,	'main',	'hdr',	'n/a',	'Completeness',	NULL,	6,	NULL,	118,	'2012-12-07 10:00:00'),
(149,	10,	'main',	'det',	'11.13c',	'Are test procedure input and verification steps uniquely identified and with correct naming convention?',	NULL,	7,	NULL,	118,	'2012-12-07 10:00:00'),
(150,	10,	'main',	'det',	'11.13c',	'Is each test procedure step traced to one or more test cases?',	NULL,	8,	NULL,	118,	'2012-12-07 10:00:00'),
(151,	10,	'main',	'det',	'11.13c',	'Is each test procedure step traced to the right test case?',	NULL,	9,	NULL,	118,	'2012-12-07 10:00:00'),
(152,	10,	'main',	'det',	'11.13c',	'Is there any test procedure step tracing to a DELETED requirement?',	NULL,	10,	NULL,	118,	'2012-12-07 10:00:00'),
(153,	10,	'main',	'det',	'11.13c',	'Is the functional description stated under test procedure objective clear and precise?',	NULL,	11,	NULL,	118,	'2012-12-07 10:00:00'),
(154,	10,	'main',	'det',	'11.13c',	'Is the test description for each test procedure step described in sufficient detail sequentially in order of execution or occurrence without any ambiguity?',	NULL,	12,	NULL,	118,	'2012-12-07 10:00:00'),
(155,	10,	'main',	'det',	'11.13c',	'Is the functionality grouped under test procedure modular and effective? (Check that the number of steps are at the optimum level and functional grouping from the system perspective is effective).',	NULL,	13,	NULL,	118,	'2012-12-07 10:00:00'),
(156,	10,	'main',	'det',	'11.13c',	'Does the test procedure state all necessary preconditions with respect to the functionality that are verified and are not contradicting or redundant?',	NULL,	14,	NULL,	118,	'2012-12-07 10:00:00'),
(157,	10,	'main',	'det',	'11.13c',	'Does the test procedure identify all the required inputs and outputs for each step and are traceable to system inputs and outputs?',	NULL,	15,	NULL,	118,	'2012-12-07 10:00:00'),
(158,	10,	'main',	'det',	'11.13c',	'Are all timing aspects required to drive inputs and outputs identified and stated clearly?',	NULL,	16,	NULL,	118,	'2012-12-07 10:00:00'),
(159,	10,	'main',	'det',	'11.13c',	'Are there sufficient test procedure steps designed to demonstrate all possible normal operation test scenarios for feature under test?',	NULL,	17,	NULL,	118,	'2012-12-07 10:00:00'),
(160,	10,	'main',	'det',	'11.13c',	'Are there sufficient test procedure steps designed to demonstrate all possible robust test scenarios for feature under test?',	NULL,	18,	NULL,	118,	'2012-12-07 10:00:00'),
(161,	10,	'main',	'det',	'11.13c',	'Are changes in inputs and outputs across the scenario steps maintained consistently and all required information are present in the procedure step to understand what they test?',	NULL,	19,	NULL,	118,	'2012-12-07 10:00:00'),
(162,	10,	'main',	'det',	'11.13c',	'Is the terminology used in procedure steps consistent with and has mapping to one of the test procedure input documents?',	NULL,	20,	NULL,	118,	'2012-12-07 10:00:00'),
(163,	10,	'main',	'det',	'11.13c',	'Does the test procedure identify the test environment/equipment setup and utilities?',	NULL,	21,	NULL,	118,	'2012-12-07 10:00:00'),
(164,	10,	'main',	'det',	'11.13c',	'Any assumptions and constraints considered during test procedure design are noted with justification?',	NULL,	22,	NULL,	118,	'2012-12-07 10:00:00'),
(165,	9,	'main',	'hdr',	'n/a',	'Main',	NULL,	1,	NULL,	118,	'2012-12-24 00:00:00'),
(166,	9,	'main',	'det',	'7.2.1',	'Is the document under configuration control?',	NULL,	2,	NULL,	118,	'2012-12-24 00:00:00'),
(167,	9,	'main',	'det',	'7.2.1',	'Are all inputs to perform this review baselined and under configuration control?',	NULL,	3,	NULL,	118,	'2012-12-24 00:00:00'),
(168,	9,	'main',	'det',	'7.2.1',	'Is the configuration correct and consistent with the configuration naming convention?',	NULL,	4,	NULL,	118,	'2012-12-24 00:00:00'),
(169,	9,	'main',	'det',	'11.11',	'Is a revision history provided and accurate?',	NULL,	5,	NULL,	118,	'2012-12-24 00:00:00'),
(170,	9,	'main',	'det',	'NA',	'Any outstanding failures or observations from the previous review have been addressed?',	NULL,	6,	NULL,	118,	'2012-12-24 00:00:00'),
(171,	9,	'main',	'hdr',	'n/a',	'Compliance with low-level requirements/software architecture',	NULL,	7,	NULL,	118,	'2012-12-24 00:00:00'),
(172,	9,	'main',	'det',	'6.3.4(e)',	'Is source code traceable to the software low-level requirements or design entity and, if applicable, the hardware design?',	NULL,	8,	NULL,	118,	'2012-12-24 00:00:00'),
(173,	9,	'main',	'det',	'6.3.4(a,b)',	'Does source code accurately implement the software low-level requirements or design entity and consistent with the architecture?( N/A if autocode)',	NULL,	9,	NULL,	118,	'2012-12-24 00:00:00'),
(174,	9,	'main',	'det',	'6.3.4(d), 11.11',	'Is data definition in source code comply with the software low-level requirements and software architecture? ( N/A if autocode)',	NULL,	10,	NULL,	118,	'2012-12-24 00:00:00'),
(175,	9,	'main',	'det',	'6.3.4(a,f)',	'Is the data flow and control flow as defined in software low-level requirements?',	NULL,	11,	NULL,	118,	'2012-12-24 00:00:00'),
(176,	9,	'main',	'hdr',	'n/a',	'Consistency and Completeness',	NULL,	12,	NULL,	118,	'2012-12-24 00:00:00'),
(177,	9,	'main',	'det',	'6.3.4(f)',	'Are there any unused variables?',	NULL,	13,	NULL,	118,	'2012-12-24 00:00:00'),
(178,	9,	'main',	'det',	'NA',	'Are all variables explicitly initialized before use?',	NULL,	14,	NULL,	118,	'2012-12-24 00:00:00'),
(179,	9,	'main',	'det',	'6.3.4(f)',	'Ensure that where applicable, data hiding principles have been followed (e.g. scoping mechanism)?',	NULL,	15,	NULL,	118,	'2012-12-24 00:00:00'),
(180,	9,	'main',	'det',	'NA',	'Are all loop constructs designed to terminate within a guaranteed maximum time?',	NULL,	16,	NULL,	118,	'2012-12-24 00:00:00'),
(181,	9,	'main',	'det',	'6.3.4(f)',	'Are invalid mathematical operations like divide-by-zero, square root of negative number not used, if any, trapped and handled?',	NULL,	17,	NULL,	118,	'2012-12-24 00:00:00'),
(182,	9,	'main',	'det',	'6.3.4(f)',	'Are generic pointers declared in the code item cast to correct type before use?',	NULL,	18,	NULL,	118,	'2012-12-24 00:00:00'),
(183,	9,	'main',	'det',	'6.3.4(f)',	'Is the usage of NULL pointer appropriate? A null ?pointer is always compared (for equality) to a constant zero, not to a variable that has the value ?zero. Null pointer is casted to appropriate type before use?',	NULL,	19,	NULL,	118,	'2012-12-24 00:00:00'),
(184,	9,	'main',	'det',	'NA',	'Does the source code compile without any errors or warnings?',	NULL,	20,	NULL,	118,	'2012-12-24 00:00:00'),
(185,	9,	'main',	'hdr',	'n/a',	'Readability and Maintainability',	NULL,	21,	NULL,	118,	'2012-12-24 00:00:00'),
(186,	9,	'main',	'det',	'NA',	'Is the source code laid out in a logical and readable manner, with suitable comments?',	NULL,	22,	NULL,	118,	'2012-12-24 00:00:00'),
(187,	9,	'main',	'hdr',	'n/a',	'Verifiability',	NULL,	23,	NULL,	118,	'2012-12-24 00:00:00'),
(188,	9,	'main',	'det',	'6.3.4(c)',	'Does the source code address testability and there are no untestable constructs?',	NULL,	24,	NULL,	118,	'2012-12-24 00:00:00'),
(189,	9,	'main',	'hdr',	'n/a',	'Software Coding Standard checklist',	NULL,	25,	NULL,	118,	'2012-12-24 00:00:00'),
(190,	9,	'main',	'det',	'',	'Does the source code file layout comprise of the following: header section, include section, type definition and data definition sections as per standards?',	NULL,	26,	NULL,	118,	'2012-12-24 00:00:00'),
(191,	9,	'main',	'det',	'',	'Does the subroutine comprise of the following sections: header section, input and output section, trigger description and operation sections as per standards?',	NULL,	27,	NULL,	118,	'2012-12-24 00:00:00'),
(192,	9,	'main',	'det',	'',	'Does the Header file conform to structural convention and order of declaration as per standards?',	NULL,	28,	NULL,	118,	'2012-12-24 00:00:00'),
(193,	9,	'main',	'det',	'',	'Is the code layout conform to spacing, indentation and comments as per standards?',	NULL,	29,	NULL,	118,	'2012-12-24 00:00:00'),
(194,	9,	'main',	'det',	'',	'Does all naming convention followed conforms to Coding standards?',	NULL,	30,	NULL,	118,	'2012-12-24 00:00:00'),
(195,	9,	'main',	'det',	'',	'Does the Code item comprise of documentation formats to support automatic extraction of software documentation?',	NULL,	31,	NULL,	118,	'2012-12-24 00:00:00'),
(196,	9,	'main',	'det',	'',	'Are all warnings generated by the code generation tool considered and only has acceptable warnings as per coding standards? Is the report for the same available?',	NULL,	32,	NULL,	118,	'2012-12-24 00:00:00'),
(197,	9,	'main',	'det',	'',	'Ensure that there are no violations of MISRA C Coding Guidlines as per compliance matrix mentioned in software coding standards?',	NULL,	33,	NULL,	118,	'2012-12-24 00:00:00'),
(198,	7,	'pdi',	'hdr',	'n/a',	'Quality Review',	NULL,	17,	NULL,	118,	'2013-02-05 00:00:00'),
(199,	7,	'pdi',	'det',	'',	'Has Test case review report comply to all PDI checklists?',	NULL,	18,	NULL,	118,	'2013-02-05 00:00:00'),
(200,	8,	'pdi',	'hdr',	'n/a',	'',	NULL,	39,	NULL,	118,	'2013-02-05 00:00:00'),
(201,	8,	'pdi',	'det',	'',	'Has Test procedure review report comply to all PDI checklists?',	NULL,	40,	NULL,	118,	'2013-02-05 00:00:00'),
(202,	10,	'pdi',	'hdr',	'n/a',	'Quality Review',	NULL,	23,	NULL,	118,	NULL),
(203,	10,	'pdi',	'det',	'',	'Has Test procedure review report comply to all PDI checklists?',	NULL,	24,	NULL,	118,	NULL),
(204,	13,	'main',	'hdr',	'n/a',	'Main',	NULL,	1,	NULL,	118,	NULL),
(205,	13,	'main',	'det',	'7.2.1',	'Is the document under configuration control?',	NULL,	2,	NULL,	118,	NULL),
(206,	13,	'main',	'det',	'7.2.1',	'Are all inputs to perform this review baselined and under configuration control?',	NULL,	3,	NULL,	118,	NULL),
(207,	13,	'main',	'det',	'7.2.1',	'Is the configuration correct and consistent with the configuration naming convention?',	NULL,	4,	NULL,	118,	NULL),
(208,	13,	'main',	'det',	'7.2.1',	'Is a revision history provided and accurate?',	NULL,	5,	NULL,	118,	NULL),
(209,	13,	'main',	'det',	'n/a',	'Any outstanding failures or observations from the previous review have been addressed?',	NULL,	6,	NULL,	118,	NULL),
(210,	13,	'main',	'hdr',	'n/a',	'Compliance with low-level requirements/software architecture',	NULL,	7,	NULL,	118,	NULL),
(211,	13,	'main',	'det',	'6.3.4(e)\r\n',	'Is source code traceable to the software low-level requirements or design entity and, if applicable, the hardware design?',	NULL,	8,	NULL,	118,	NULL),
(212,	13,	'main',	'det',	'6.3.4(a,b)\r\n',	'Does source code accurately implement the software low-level requirements or design entity and consistent with the architecture?( N/A if autocode)',	NULL,	9,	NULL,	118,	NULL),
(213,	13,	'main',	'det',	'6.3.4(d), 11.11\r\n',	'Is data definition in source code comply with the software low-level requirements and software architecture? ( N/A if autocode)',	NULL,	10,	NULL,	118,	NULL),
(214,	13,	'main',	'det',	'6.3.4(a,f)\r\n',	'Is the data flow and control flow as defined in software low-level requirements?',	NULL,	11,	NULL,	118,	NULL),
(215,	13,	'main',	'hdr',	'n/a',	'Consistency and Completeness',	NULL,	12,	NULL,	118,	NULL),
(216,	13,	'main',	'det',	'6.3.4(f)\r\n',	'Are there any unused variables?',	NULL,	13,	NULL,	118,	NULL),
(217,	13,	'main',	'det',	'n/a',	'Are all variables explicitly initialized before use?',	NULL,	14,	NULL,	118,	NULL),
(218,	13,	'main',	'det',	'6.3.4(f)\r\n',	'Ensure that where applicable, data hiding principles have been followed (e.g. scoping mechanism)?',	NULL,	15,	NULL,	118,	NULL),
(219,	13,	'main',	'det',	'n/a',	'Are all loop constructs designed to terminate within a guaranteed maximum time?',	NULL,	16,	NULL,	118,	NULL),
(220,	13,	'main',	'det',	'6.3.4(f)\r\n',	'Are invalid mathematical operations like divide-by-zero, square root of negative number not used, if any, trapped and handled?\r\n',	NULL,	17,	NULL,	118,	NULL),
(221,	13,	'main',	'det',	'6.3.4(f)\r\n',	'Are generic pointers declared in the code item cast to correct type before use?\r\n',	NULL,	18,	NULL,	118,	NULL),
(222,	13,	'main',	'det',	'6.3.4(f)\r\n',	'Is the usage of NULL pointer appropriate? A null ?pointer is always compared (for equality) to a constant zero, not to a variable that has the value ?zero. Null pointer is casted to appropriate type before use?\r\n',	NULL,	19,	NULL,	118,	NULL),
(223,	13,	'main',	'det',	'n/a',	'Does the source code compile without any errors or warnings?\r\n',	NULL,	20,	NULL,	118,	NULL),
(224,	13,	'main',	'hdr',	'n/a',	'Readability and Maintainability\r\n',	NULL,	21,	NULL,	118,	NULL),
(225,	13,	'main',	'det',	'n/a',	'Is the source code laid out in a logical and readable manner, with suitable comments?\r\n',	NULL,	22,	NULL,	118,	NULL),
(226,	13,	'main',	'hdr',	'n/a',	'Verifiability\r\n',	NULL,	23,	NULL,	118,	NULL),
(227,	13,	'main',	'det',	'6.3.4(c)\r\n',	'Does the source code address testability and there are no untestable constructs?\r\n',	NULL,	24,	NULL,	118,	NULL),
(228,	13,	'main',	'det',	'6.3.4(d)\r\n',	'Software Coding Standard checklist\r\n',	NULL,	25,	NULL,	118,	NULL),
(229,	13,	'main',	'det',	'n/a',	'Does the source code file layout comprise of the following: header section, include section, type definition and data definition sections as per standards?\r\n',	NULL,	26,	NULL,	118,	NULL),
(230,	13,	'main',	'det',	'n/a',	'Does the subroutine comprise of the following sections: header section, input and output section, trigger description and operation sections as per standards?\r\n',	NULL,	27,	NULL,	118,	NULL),
(231,	13,	'main',	'det',	'n/a',	'Does the Header file conform to structural convention and order of declaration as per standards?\r\n',	NULL,	28,	NULL,	118,	NULL),
(232,	13,	'main',	'det',	'n/a',	'Is the code layout conform to spacing, indentation and comments as per standards?\r\n',	NULL,	29,	NULL,	118,	NULL),
(233,	13,	'main',	'det',	'n/a',	'Does all naming convention followed conforms to Coding standards?\r\n',	NULL,	30,	NULL,	118,	NULL),
(234,	13,	'main',	'det',	'n/a',	'Does the Code item comprise of documentation formats to support automatic extraction of software documentation?\r\n',	NULL,	31,	NULL,	118,	NULL),
(235,	13,	'main',	'det',	'n/a',	'Are all warnings generated by the code generation tool considered and only has acceptable warnings as per coding standards? Is the report for the same available?\r\n',	NULL,	32,	NULL,	118,	NULL),
(236,	13,	'main',	'det',	'n/a',	'Ensure that there are no violations of MISRA C Coding Guidlines as per compliance matrix mentioned in software coding standards?\r\n',	NULL,	33,	NULL,	118,	NULL),
(241,	8,	'main',	'det',	'11.13a,c\r\n',	'Is the test method identified correctly based on what needs to be tested as described in the verification cases.\r\n',	NULL,	23,	NULL,	NULL,	NULL),
(242,	8,	'main',	'det',	'11.13c',	'Does the test procedure clearly identify any tolerance used for verifying the outputs.\r\n',	NULL,	24,	NULL,	NULL,	NULL),
(243,	8,	'main',	'hdr',	'n/a',	'Test Script Completeness (SIL Script)\r\n',	NULL,	25,	NULL,	NULL,	NULL),
(244,	8,	'main',	'det',	'n/a',	'Is the header filled correctly and completely.\r\n',	NULL,	26,	NULL,	NULL,	NULL),
(245,	8,	'main',	'det',	'n/a',	'Are all input and output variables listed as in the test procedure.\r\n',	NULL,	27,	NULL,	NULL,	NULL),
(246,	8,	'main',	'det',	'n/a',	'Is the step number correctly mentioned and corresponds to the test procedure step.\r\n',	NULL,	28,	NULL,	NULL,	NULL),
(247,	8,	'main',	'det',	'n/a',	'Is the timing mentioned in the script the same as the test procedure with any gaps/additions explained.\r\n',	NULL,	29,	NULL,	NULL,	NULL),
(248,	8,	'main',	'det',	'n/a',	'Is the SIL Global request made for the correct functionality that is tested in the step?\r\n',	NULL,	30,	NULL,	NULL,	NULL),
(249,	8,	'main',	'det',	'n/a',	'Is there a SIL Global request cancellation done before the STOP command.\r\n',	NULL,	31,	NULL,	NULL,	NULL),
(250,	8,	'main',	'det',	'n/a',	'Are preconditions required to set specific variable(s) to achieve the test procedure input(s) correctly mentioned.\r\n',	NULL,	32,	NULL,	NULL,	NULL),
(251,	8,	'main',	'det',	'n/a',	'Is the script name the same as in the procedure\r\n',	NULL,	33,	NULL,	NULL,	NULL),
(252,	8,	'main',	'hdr',	'n/a',	'Test Script Completeness (RTRT Script)\r\n',	NULL,	34,	NULL,	NULL,	NULL),
(253,	8,	'main',	'det',	'n/a',	'Is the header filled correctly and completely.\r\n',	NULL,	35,	NULL,	NULL,	NULL),
(254,	8,	'main',	'det',	'n/a',	'Is the module tested considering the control flow required based on the requirement being tested. ( unit/integration test as appropriate)\r\n',	NULL,	36,	NULL,	NULL,	NULL),
(255,	8,	'main',	'det',	'n/a',	'Are the inputs/outputs the same as in the test procedure.\r\n',	NULL,	37,	NULL,	NULL,	NULL),
(256,	8,	'main',	'det',	'n/a',	'Is the script name the same as in the procedure\r\n',	NULL,	38,	NULL,	NULL,	NULL),
(257,	15,	'main',	'hdr',	'n/a',	'Normal Range Test Cases (one of the below must be applicable)',	NULL,	1,	NULL,	NULL,	NULL),
(258,	15,	'main',	'det',	'3 & 4',	'a) Test cases exercise valid equivalence classes and boundary values for each real and integer input variable.',	'Not Applicable applies only if requirements do not specify real or integer variables.',	2,	NULL,	NULL,	NULL),
(259,	15,	'main',	'det',	'3 & 4',	'b) Test cases make use of multiple iterations to exercise time-related functions such as filters, integrators, timers, and delays.',	'Not Applicable applies only if requirements do not specify time-related functions such as filters, integrators, timers, and delays.',	3,	NULL,	NULL,	NULL),
(260,	15,	'main',	'det',	'3 & 4',	'c) Test cases exercise all state transitions during normal operation.',	'Not Applicable applies only if requirements do not specify state transitions.',	4,	NULL,	NULL,	NULL),
(261,	15,	'main',	'det',	'3 & 4',	'd) Test cases verify the variable usage and the Boolean operators for software requirements expressed by logic equations.',	'Not Applicable applies only if requirements are not expressed as logic equations.',	5,	NULL,	NULL,	NULL),
(262,	15,	'main',	'det',	'3 & 4',	'e) Test cases verify capabilities and/or constraints for requirements lacking explicit input conditions.',	'Not Applicable applies only if requirements have explicit input conditions.',	6,	NULL,	NULL,	NULL),
(263,	15,	'main',	'hdr',	'n/a',	'Robustness Test Cases',	NULL,	7,	NULL,	NULL,	NULL),
(264,	15,	'main',	'det',	'3 & 4',	'f) Test cases exercise real and integer variables using equivalence class selection of invalid values.',	'Not Applicable applies only if requirements do not specify real or integer variables.',	8,	NULL,	NULL,	NULL),
(265,	15,	'main',	'det',	'3 & 4',	'g) Test cases exercise system initialization during abnormal conditions.',	'Not Applicable applies only if requirements are not associated with system initialization.',	9,	NULL,	NULL,	NULL),
(266,	15,	'main',	'det',	'3 & 4',	'h) Test cases check for failure modes of the incoming data, especially complex, digital data strings from an external system.',	'Not Applicable applies only if requirements do not specify incoming data, or there are no failure modes for the incoming data specified.',	10,	NULL,	NULL,	NULL),
(267,	15,	'main',	'det',	'3 & 4',	'i) Test cases attempt to compute out-of-range loop count values for loops where the loop count is a computed value.',	'Not Applicable applies only if requirements do not use computed loop values.',	11,	NULL,	NULL,	NULL),
(268,	15,	'main',	'det',	'3 & 4',	'j) Test cases exercise protection mechanisms for exceeded frame times to ensure correct response.',	'Not Applicable applies only if requirements do not pertain to protection mechanisms for exceeded frame times.',	12,	NULL,	NULL,	NULL),
(269,	15,	'main',	'det',	'3 & 4',	'k) Test cases exercise arithmetic overflow protection mechanisms for time-related functions such as filters, integrators, and delays.',	'Not Applicable applies only if requirements do not specify time-related functions such as filters, integrators, timers, and delays.',	13,	NULL,	NULL,	NULL),
(270,	15,	'main',	'det',	'3 & 4',	'l) Test cases provoke transitions that are not allowed by software requirements for state transitions.',	'Not Applicable applies only if requirements do not specify state transitions.',	14,	NULL,	NULL,	NULL),
(271,	16,	'main',	'hdr',	'1',	'Test procedures are correct.',	NULL,	1,	NULL,	NULL,	NULL),
(272,	16,	'main',	'det',	'1',	'a) The test procedure traces to one or more test cases.',	NULL,	2,	NULL,	NULL,	NULL),
(273,	16,	'main',	'det',	'1',	'b) Test cases exercised by the test procedure are identified within the test procedure, at specific steps.',	NULL,	3,	NULL,	NULL,	NULL),
(274,	16,	'main',	'det',	'1',	'c) Input conditions are correctly set up for each test case identified within the test procedure.',	NULL,	4,	NULL,	NULL,	NULL),
(275,	16,	'main',	'det',	'1',	'd) Expected results are correct for each test case identified within the test procedure.',	NULL,	5,	NULL,	NULL,	NULL),
(276,	16,	'pdi',	'hdr',	'n/a',	'Quality Review',	NULL,	8,	NULL,	118,	NULL),
(277,	16,	'pdi',	'det',	'',	'Has Test procedure review report comply to all PDI checklists?',	NULL,	9,	NULL,	118,	NULL),
(278,	15,	'pdi',	'hdr',	'n/a',	'Quality Review',	NULL,	17,	NULL,	118,	NULL),
(279,	15,	'pdi',	'det',	'',	'Has Test case review report comply to all PDI checklists?',	NULL,	18,	NULL,	118,	NULL),
(280,	17,	'main',	'hdr',	'n/a',	'General checks',	NULL,	1,	NULL,	118,	NULL),
(281,	17,	'main',	'det',	'n/a',	'This RCN correctly identifies the item(s) under review.',	NULL,	2,	NULL,	NULL,	NULL),
(282,	17,	'main',	'det',	'n/a',	'The correct CR numbers are recorded in this Review Checklist and all actions are complete',	NULL,	3,	NULL,	NULL,	NULL),
(283,	17,	'main',	'det',	'n/a',	'Any comments from previous reviews have been addressed',	NULL,	4,	NULL,	NULL,	NULL),
(284,	17,	'main',	'det',	'n/a',	'Layout and content complies with applicable project standards, latest issue',	NULL,	5,	NULL,	NULL,	NULL),
(285,	17,	'main',	'det',	'n/a',	'All related documents identified are relevant, complete and correct',	NULL,	6,	NULL,	NULL,	NULL),
(286,	17,	'main',	'det',	'n/a',	'All preceding input data is of adequate maturity and stability',	NULL,	7,	NULL,	NULL,	NULL),
(287,	17,	'main',	'det',	'n/a',	'Validates correctly to higher-level project data',	NULL,	8,	NULL,	NULL,	NULL),
(288,	17,	'main',	'det',	'n/a',	'The item(s) reviewed are under Configuration Management (CM) control',	NULL,	9,	NULL,	NULL,	NULL),
(289,	17,	'main',	'det',	'n/a',	'The applicable project, item identifier, issue (if applicable), CM version and author are stated and correct. \\nNote: These items may be recorded in the CM system. Sufficient details must be recorded within the review item for it to be correctly identified in the CM system',	NULL,	10,	NULL,	NULL,	NULL),
(290,	17,	'main',	'det',	'n/a',	'The correct issue numbers (as specified by the SCI) of all related documents used for this review are recorded in REFERENCE DOCUMENTS of this Review Checklist',	NULL,	11,	NULL,	NULL,	NULL),
(291,	17,	'main',	'det',	'n/a',	'Version history is correct. \\nNote: Documents may refer to the CM system, in this case ensure CM records exist',	NULL,	12,	NULL,	NULL,	NULL),
(292,	17,	'main',	'hdr',	'n/a',	'Document and Process checks',	NULL,	13,	NULL,	NULL,	NULL),
(293,	17,	'main',	'det',	'n/a',	'The Software Test Standard (805E-RCU-SMT-001) was complied with during the process.',	NULL,	14,	NULL,	NULL,	NULL),
(294,	17,	'main',	'det',	'n/a',	'The author(s) of the tests is independent from the applicable area of design.',	NULL,	15,	NULL,	NULL,	NULL),
(295,	17,	'main',	'det',	'n/a',	'Any deviations from the standards have acceptable justifications recorded.',	NULL,	16,	NULL,	NULL,	NULL),
(296,	17,	'main',	'det',	'n/a',	'Inputs to this process detected as inadequate or incorrect have been reported for clarification or correction.',	NULL,	17,	NULL,	NULL,	NULL),
(297,	17,	'main',	'det',	'n/a',	'The requirements, as specified in the Object Specification, being tested are referenced and correct, with the correct version/issue numbers stated.',	NULL,	18,	NULL,	NULL,	NULL),
(298,	17,	'main',	'det',	'n/a',	'The software to be tested is correctly identified.  If the testing relates to a particular software release/version this has been stated.',	NULL,	19,	NULL,	NULL,	NULL),
(299,	17,	'main',	'det',	'n/a',	'The test environment, including hardware platform for test execution, test tools, test tool settings, test equipment and cabling, supporting software applications, supporting hardware and user information is defined adequately such that testing is repeatable',	NULL,	20,	NULL,	NULL,	NULL),
(300,	17,	'main',	'det',	'n/a',	'The test environment is suitable for the testing in terms of functionality, performance, quality, accuracy and compatibility with test methods/measurement techniques; the test environment accurately represents the target environment',	NULL,	21,	NULL,	NULL,	NULL),
(301,	17,	'main',	'det',	'n/a',	'Interfaces provided by the test environment are in accordance with issued/published interface documentation (as referenced by/via SMT Test Specification); this includes as appropriate, software, physical, electrical, protocol, configuration, variant and version specification.',	NULL,	22,	NULL,	NULL,	NULL),
(302,	17,	'main',	'det',	'n/a',	'All files required to run the tests i.e. runtime test scripts/sequences and all additional files (if any) e.g. test harnesses and tool configuration files, are uniquely identified and included or referenced with correct version/issue numbers such that testing is repeatable.',	NULL,	23,	NULL,	NULL,	NULL),
(303,	17,	'main',	'det',	'n/a',	'All related files (i.e. scripts/configurations) conform to applicable standards, (i.e. test case numbers, test titles, test naming conventions, comments).',	NULL,	24,	NULL,	NULL,	NULL),
(304,	17,	'main',	'det',	'n/a',	'The documented verification is compatible with the target computer.',	NULL,	25,	NULL,	NULL,	NULL),
(305,	17,	'main',	'det',	'n/a',	'The documented verification is complete.',	NULL,	26,	NULL,	NULL,	NULL),
(306,	17,	'main',	'det',	'n/a',	'The documented verification is repeatable.',	NULL,	27,	NULL,	NULL,	NULL),
(307,	17,	'main',	'det',	'n/a',	'The documented verification is maintainable; there is sufficient explanation and comments such that a test engineer can modify the tests at a future date.',	NULL,	28,	NULL,	NULL,	NULL),
(308,	17,	'main',	'det',	'n/a',	'The SMT Test Specification document adequately verifies the specified requirements being tested.',	NULL,	29,	NULL,	NULL,	NULL),
(309,	17,	'main',	'det',	'n/a',	'Any requirements that cannot be tested at the SMT testing level have been identified and acceptable justifications have been recorded',	NULL,	30,	NULL,	NULL,	NULL),
(310,	17,	'main',	'hdr',	'n/a',	'Individual test cases (part of test scripts)',	NULL,	31,	NULL,	NULL,	NULL),
(311,	17,	'main',	'det',	'n/a',	'All test cases and test scripts are uniquely identified.',	NULL,	32,	NULL,	NULL,	NULL),
(312,	17,	'main',	'det',	'n/a',	'All test cases / steps are sufficiently detailed such that they are repeatable.',	NULL,	33,	NULL,	NULL,	NULL),
(313,	17,	'main',	'det',	'n/a',	'All test cases / steps have expected results with pass/fail criteria defined.',	NULL,	34,	NULL,	NULL,	NULL),
(314,	17,	'main',	'det',	'n/a',	'An adequate description of test requirements is defined for each test case.',	NULL,	35,	NULL,	NULL,	NULL),
(315,	17,	'main',	'det',	'n/a',	'Initialisation steps and data is provided as appropriate for each test case.',	NULL,	36,	NULL,	NULL,	NULL),
(316,	17,	'main',	'det',	'n/a',	'Normal range inputs and conditions are adequately defined for each test case.',	NULL,	37,	NULL,	NULL,	NULL),
(317,	17,	'main',	'det',	'n/a',	'Robustness (abnormal) range inputs and conditions are adequately defined for each test case or a separate test case exists that covers the abnormal conditions.',	NULL,	38,	NULL,	NULL,	NULL),
(318,	17,	'main',	'det',	'n/a',	'The required accuracy, precision and tolerance are correctly defined for data values, if applicable.',	NULL,	39,	NULL,	NULL,	NULL),
(319,	17,	'main',	'det',	'n/a',	'Timing detail is correctly defined and followed; as applicable this covers rate, repetition, data framing, synchronisation, response time, instruction cycles/processing time, elapsed time etc.',	NULL,	40,	NULL,	NULL,	NULL),
(320,	17,	'main',	'det',	'n/a',	'Input events/stimuli are sequenced correctly; in particular interfaces that are simulated follow correct handshaking and acknowledgement protocols, for multiple simulated interfaces event sequence is correct across all interfaces.',	NULL,	41,	NULL,	NULL,	NULL),
(321,	17,	'main',	'hdr',	'n/a',	'Black Box Module tests',	NULL,	42,	NULL,	NULL,	NULL),
(322,	17,	'main',	'det',	'n/a',	'The structural coverage required to be achieved is stated in the SMT Test Specification.',	NULL,	43,	NULL,	NULL,	NULL),
(323,	17,	'main',	'det',	'n/a',	'Test Design; a high level test design/strategy exists that covers all requirements and decisions contained in the Object Specification.',	NULL,	44,	NULL,	NULL,	NULL),
(324,	17,	'main',	'det',	'n/a',	'Test Implementation; a complete set of runtime items that accurately implement the test design and are compatible with the Module Test Tool have been created.',	NULL,	45,	NULL,	NULL,	NULL),
(325,	17,	'main',	'det',	'n/a',	'Inputs; an adequate set of input values and combinations thereof have been defined using equivalence classes or full data sets.',	NULL,	46,	NULL,	NULL,	NULL),
(326,	17,	'main',	'det',	'n/a',	'Outputs; all outputs are tested to have changed correctly based on the applied input stimuli, for each output an adequate set of output values are tested, correct tolerance has been applied for Real number outputs.',	NULL,	47,	NULL,	NULL,	NULL),
(327,	17,	'main',	'det',	'n/a',	'Combined Input/Output; both input and output elements are tested to have changed or remain unchanged as required, checks on correct/legal pointer operation are included.',	NULL,	48,	NULL,	NULL,	NULL),
(328,	17,	'main',	'det',	'n/a',	'Sequential Input Data; input data is correctly applied for successive function invocations, output values are checked at the correct points in the test sequence.',	NULL,	49,	NULL,	NULL,	NULL),
(329,	17,	'main',	'det',	'n/a',	'Data Areas; testing demonstrates data areas are correctly initialised and subsequently used correctly.',	NULL,	50,	NULL,	NULL,	NULL),
(330,	17,	'main',	'det',	'n/a',	'State Transitions; state transitions are exercised for all normal operations and for abnormal operations in accordance with the SMT strategy, (see SMT-RCU-SMT-001).',	NULL,	51,	NULL,	NULL,	NULL),
(331,	17,	'main',	'det',	'n/a',	'Test Stubs; test stubs are correctly called, all parameters passed are checked, an adequate set of returned data values is included.',	NULL,	52,	NULL,	NULL,	NULL),
(332,	17,	'main',	'det',	'n/a',	'Performance; performance is tested, where required by the Object Specification within the constraints of the Module Test Tool, performance test results will be repeatable.',	NULL,	53,	NULL,	NULL,	NULL),
(333,	17,	'main',	'det',	'n/a',	'Robustness; robustness tests cover an adequate set of invalid input stimuli, robustness tests cover typical failure scenarios encountered in the deployed environment, additional robustness tests are included that target perceived weaknesses in the module under test.',	NULL,	54,	NULL,	NULL,	NULL),
(334,	17,	'main',	'hdr',	'n/a',	'White Box Module tests',	NULL,	55,	NULL,	NULL,	NULL),
(335,	17,	'main',	'det',	'n/a',	'White box module tests (if any) are present for a valid documented reason; such as, to gain structural coverage of defensively programmed areas of the code, to provide additional robustness testing, to provide extra in-range input values above and beyond existing black box tests.',	NULL,	56,	NULL,	NULL,	NULL),
(336,	17,	'main',	'det',	'n/a',	'All White box module tests (if any) are correctly assigned as white box tests.',	NULL,	57,	NULL,	NULL,	NULL),
(337,	17,	'main',	'det',	'n/a',	'All white box module tests (if any) comply with the module interfaces as defined in the Class Specification; e.g. suspect manipulation of pointers that relies on compiler dependent memory layout is not permitted to gain test access etc.',	NULL,	58,	NULL,	NULL,	NULL),
(338,	17,	'main',	'det',	'n/a',	'No white box module tests (if any) have been identified as being redundant.  Note; an updated module implementation may result in previous white box module tests no longer being applicable.',	NULL,	59,	NULL,	NULL,	NULL),
(339,	17,	'main',	'hdr',	'n/a',	'Traceability',	NULL,	60,	NULL,	NULL,	NULL),
(340,	17,	'main',	'det',	'n/a',	'Traceability data exists in a separate document, or the SMT Test Specification and associated runtime test scripts/sequences also meet all review criteria for such data.',	NULL,	61,	NULL,	NULL,	NULL),
(341,	17,	'main',	'det',	'n/a',	'All traceable test references are uniquely identified within the SMT Test Specification.',	NULL,	62,	NULL,	NULL,	NULL),
(342,	17,	'main',	'det',	'n/a',	'There is traceability between the SMT Test Specification and the corresponding Object Specification.',	NULL,	63,	NULL,	NULL,	NULL),
(343,	17,	'main',	'det',	'n/a',	'Tests in the SMT Test Specification are traceable to requirements in the Object Specification; testing of a function in the SMT Test Specification is traceable to the respective function definition in the Object Specification.',	NULL,	64,	NULL,	NULL,	NULL),
(344,	17,	'main',	'det',	'n/a',	'There is both ways traceability of tests between the SMT Test Specification and the runtime test scripts/sequences that implement the Module Test.',	NULL,	65,	NULL,	NULL,	NULL),
(345,	17,	'main',	'det',	'n/a',	'All required traceability data for the items under review correctly exists in the traceability matrix (either in a tool or document based).',	NULL,	66,	NULL,	NULL,	NULL),
(346,	18,	'main',	'hdr',	'n/a',	'General checks',	NULL,	1,	NULL,	NULL,	NULL),
(347,	18,	'main',	'det',	'n/a',	'This RCN correctly identifies the item(s) under review.',	NULL,	2,	NULL,	NULL,	NULL),
(348,	18,	'main',	'det',	'n/a',	'The correct CR numbers are recorded in this Review Checklist and all actions are complete',	NULL,	3,	NULL,	NULL,	NULL),
(349,	18,	'main',	'det',	'n/a',	'Any comments from previous reviews have been addressed',	NULL,	4,	NULL,	NULL,	NULL),
(350,	18,	'main',	'det',	'n/a',	'Layout and content complies with applicable project standards, latest issue',	NULL,	5,	NULL,	NULL,	NULL),
(351,	18,	'main',	'det',	'n/a',	'All related documents identified are relevant, complete and correct',	NULL,	6,	NULL,	NULL,	NULL),
(352,	18,	'main',	'det',	'n/a',	'All preceding input data is of adequate maturity and stability',	NULL,	7,	NULL,	NULL,	NULL),
(353,	18,	'main',	'det',	'n/a',	'Validates correctly to higher-level project data',	NULL,	8,	NULL,	NULL,	NULL),
(354,	18,	'main',	'det',	'n/a',	'The item(s) reviewed are under Configuration Management (CM) control',	NULL,	9,	NULL,	NULL,	NULL),
(355,	18,	'main',	'det',	'n/a',	'The applicable project, item identifier, issue (if applicable), CM version and author are stated and correct. \\nNote: These items may be recorded in the CM system. Sufficient details must be recorded within the review item for it to be correctly identified in the CM system',	NULL,	10,	NULL,	NULL,	NULL),
(356,	18,	'main',	'det',	'n/a',	'The correct issue numbers (as specified by the SCI) of all related documents used for this review are recorded in REFERENCE DOCUMENTS of this Review Checklist\r\r\n',	NULL,	11,	NULL,	NULL,	NULL),
(357,	18,	'main',	'det',	'n/a',	'Version history is correct. \\nNote: Documents may refer to the CM system, in this case ensure CM records exist',	NULL,	12,	NULL,	NULL,	NULL),
(358,	18,	'main',	'hdr',	'n/a',	'Document and Process checks',	NULL,	13,	NULL,	NULL,	NULL),
(359,	18,	'main',	'det',	'n/a',	'The Software Test Standard (805E-RCU-SMT-001) was complied with during the process.',	NULL,	14,	NULL,	NULL,	NULL),
(360,	18,	'main',	'det',	'n/a',	'The test engineer(s) who ran the tests and authored the SMT Test Report is identified and independent from the applicable area of design.',	NULL,	15,	NULL,	NULL,	NULL),
(361,	18,	'main',	'det',	'n/a',	'The software to be tested is correctly identified.  If the testing relates to a particular software release/version this has been stated.',	NULL,	16,	NULL,	NULL,	NULL),
(362,	18,	'main',	'det',	'n/a',	'Inputs to this process detected as inadequate or incorrect have been reported for clarification or correction.',	NULL,	17,	NULL,	NULL,	NULL),
(363,	18,	'main',	'det',	'n/a',	'The applicable software module under test is identified and correct, with the correct version/issue numbers stated.',	NULL,	18,	NULL,	NULL,	NULL),
(364,	18,	'main',	'det',	'n/a',	'The SMT Test Specification used is referenced and correct, with the correct version/issue number stated.',	NULL,	19,	NULL,	NULL,	NULL),
(365,	18,	'main',	'det',	'n/a',	'The test environment used complies with the SMT Test Specification.',	NULL,	20,	NULL,	NULL,	NULL),
(366,	18,	'main',	'det',	'n/a',	'Where the SMT Test Specification contains more than one test environment the actual environment used is identified.',	NULL,	21,	NULL,	NULL,	NULL),
(367,	18,	'main',	'det',	'n/a',	'Serial numbers have been recorded for test equipment and target hardware, issue/build level/modification level has been recorded for target hardware, version numbers have been recorded for test environment software.',	NULL,	22,	NULL,	NULL,	NULL),
(368,	18,	'main',	'det',	'n/a',	'Test equipment is within calibration; all test tools and test tool data are at the correct version/issue number as required for tool qualification.',	NULL,	23,	NULL,	NULL,	NULL),
(369,	18,	'main',	'det',	'n/a',	'The SMT Test Specification used has been correctly complied with.',	NULL,	24,	NULL,	NULL,	NULL),
(370,	18,	'main',	'det',	'n/a',	'No additional files beyond those stated in the SMT Test Specification were used in order to run the test.',	NULL,	25,	NULL,	NULL,	NULL),
(371,	18,	'main',	'det',	'n/a',	'No additional actions beyond those stated in the SMT Test Specification were taken in order to run the test.',	NULL,	26,	NULL,	NULL,	NULL),
(372,	18,	'main',	'det',	'n/a',	'The test execution metrics as required by the test report standard (see 805E-RCU-SMT-001) have been collected and recorded.',	NULL,	27,	NULL,	NULL,	NULL),
(373,	18,	'main',	'det',	'n/a',	'All additional files, (if any), obtained from running the tests are uniquely identified and included or referenced with correct version/issue numbers.',	NULL,	28,	NULL,	NULL,	NULL),
(374,	18,	'main',	'det',	'n/a',	'All test identifications are consistent with the equivalents identified in the SMT Test Specification.',	NULL,	29,	NULL,	NULL,	NULL),
(375,	18,	'main',	'det',	'n/a',	'Results for all applicable tests performed on the software under test are present.',	NULL,	30,	NULL,	NULL,	NULL),
(376,	18,	'main',	'det',	'n/a',	'All results are as expected, or discrepancies are explained.',	NULL,	31,	NULL,	NULL,	NULL),
(377,	18,	'main',	'det',	'n/a',	'All results report accuracy, precision, tolerance and timing details as expected, or discrepancies are explained.',	NULL,	32,	NULL,	NULL,	NULL),
(378,	18,	'main',	'det',	'n/a',	'Results confirm all normal and abnormal range inputs and conditions tested performed as expected, or discrepancies are explained.',	NULL,	33,	NULL,	NULL,	NULL),
(379,	18,	'main',	'det',	'n/a',	'Results confirm any de-activated code is controlled and performed as expected, or discrepancies are explained. NB, de-activated code is not normally expected and should be explicitly specified in the Module Specification.',	NULL,	34,	NULL,	NULL,	NULL),
(380,	18,	'main',	'det',	'n/a',	'Performance test results, where applicable, are valid; measurement techniques used have been correctly applied, performance measurement has not been affected by unwanted external influences.',	NULL,	35,	NULL,	NULL,	NULL),
(381,	18,	'main',	'det',	'n/a',	'All failed tests are adequately identified and reported in the pass/fail summary.',	NULL,	36,	NULL,	NULL,	NULL),
(382,	18,	'main',	'det',	'n/a',	'The test results are time and date stamped.',	NULL,	37,	NULL,	NULL,	NULL),
(383,	18,	'main',	'det',	'n/a',	'The SMT Test Report provides an overall pass/fail recommendation together with a summary of findings.',	NULL,	38,	NULL,	NULL,	NULL),
(384,	18,	'main',	'det',	'n/a',	'The SMT Test Report adequately reports the testing carried out.',	NULL,	39,	NULL,	NULL,	NULL),
(385,	18,	'main',	'det',	'n/a',	'The SMT Test Report is suitable for submission to the project assigned certification authority and/or customer.',	NULL,	40,	NULL,	NULL,	NULL),
(386,	18,	'main',	'hdr',	'n/a',	'Software Module test',	NULL,	41,	NULL,	NULL,	NULL),
(387,	18,	'main',	'det',	'n/a',	'Test results confirm that no dead code is present or discrepancies are explained.',	NULL,	42,	NULL,	NULL,	NULL),
(388,	18,	'main',	'det',	'n/a',	'Black box testing achieved the required structural coverage.',	NULL,	43,	NULL,	NULL,	NULL),
(389,	18,	'main',	'det',	'n/a',	'The combination of black box testing and white box testing (if any) achieved the required structural coverage.',	NULL,	44,	NULL,	NULL,	NULL),
(390,	18,	'main',	'det',	'n/a',	'Issues raised as a result of the test, have been raised with the design/code team.',	NULL,	45,	NULL,	NULL,	NULL),
(391,	18,	'main',	'det',	'n/a',	'Issues raised as a result of the test, are logged by a CR, and the CR number is present in the Test report.',	NULL,	46,	NULL,	NULL,	NULL),
(392,	15,	'main',	'hdr',	'',	'Editorial Comments Section',	NULL,	15,	NULL,	118,	NULL),
(393,	15,	'main',	'det',	'',	'Editorial Comments',	NULL,	16,	NULL,	118,	NULL),
(394,	16,	'main',	'hdr',	'',	'Editorial Comments Section',	NULL,	6,	NULL,	118,	NULL),
(395,	16,	'main',	'det',	'',	'Editorial Comments',	NULL,	7,	NULL,	118,	NULL),
(396,	19,	'main',	'hdr',	'n/a',	'Normal Range Test Cases (one of the below must be applicable)',	NULL,	1,	NULL,	1,	NULL),
(397,	19,	'main',	'det',	'3 & 4',	'a) Test cases exercise valid equivalence classes and boundary values for each real and integer input variable.',	'Not Applicable applies only if requirements do not specify real or integer variables.',	2,	NULL,	1,	NULL),
(398,	19,	'main',	'det',	'3 & 4',	'b) Test cases make use of multiple iterations to exercise time-related functions such as filters, integrators, timers, and delays.',	'Not Applicable applies only if requirements do not specify time-related functions such as filters, integrators, timers, and delays.',	3,	NULL,	1,	NULL),
(399,	19,	'main',	'det',	'3 & 4',	'c) Test cases exercise all state transitions during normal operation.',	'Not Applicable applies only if requirements do not specify state transitions.',	4,	NULL,	1,	NULL),
(400,	19,	'main',	'det',	'3 & 4',	'd) Test cases verify the variable usage and the Boolean operators for software requirements expressed by logic equations.',	'Not Applicable applies only if requirements are not expressed as logic equations.',	5,	NULL,	1,	NULL),
(401,	19,	'main',	'det',	'3 & 4',	'e) Test cases verify capabilities and/or constraints for requirements lacking explicit input conditions.',	'Not Applicable applies only if requirements have explicit input conditions.',	6,	NULL,	1,	NULL),
(402,	19,	'main',	'hdr',	'n/a',	'Robustness Test Cases',	NULL,	7,	NULL,	1,	NULL),
(403,	19,	'main',	'det',	'3 & 4',	'f) Test cases exercise real and integer variables using equivalence class selection of invalid values.',	'Not Applicable applies only if requirements do not specify real or integer variables.',	8,	NULL,	1,	NULL),
(404,	19,	'main',	'det',	'3 & 4',	'g) Test cases exercise system initialization during abnormal conditions.',	'Not Applicable applies only if requirements are not associated with system initialization.',	9,	NULL,	1,	NULL),
(405,	19,	'main',	'det',	'3 & 4',	'h) Test cases check for failure modes of the incoming data, especially complex, digital data strings from an external system.',	'Not Applicable applies only if requirements do not specify incoming data, or there are no failure modes for the incoming data specified.',	10,	NULL,	1,	NULL),
(406,	19,	'main',	'det',	'3 & 4',	'i) Test cases attempt to compute out-of-range loop count values for loops where the loop count is a computed value.',	'Not Applicable applies only if requirements do not use computed loop values.',	11,	NULL,	1,	NULL),
(407,	19,	'main',	'det',	'3 & 4',	'j) Test cases exercise protection mechanisms for exceeded frame times to ensure correct response.',	'Not Applicable applies only if requirements do not pertain to protection mechanisms for exceeded frame times.',	12,	NULL,	1,	NULL),
(408,	19,	'main',	'det',	'3 & 4',	'k) Test cases exercise arithmetic overflow protection mechanisms for time-related functions such as filters, integrators, and delays.',	'Not Applicable applies only if requirements do not specify time-related functions such as filters, integrators, timers, and delays.',	13,	NULL,	1,	NULL),
(409,	19,	'main',	'det',	'3 & 4',	'l) Test cases provoke transitions that are not allowed by software requirements for state transitions.',	'Not Applicable applies only if requirements do not specify state transitions.',	14,	NULL,	1,	NULL),
(410,	19,	'pdi',	'hdr',	'n/a',	'Quality Review',	NULL,	17,	NULL,	1,	NULL),
(411,	19,	'pdi',	'det',	'',	'Has Test case review report comply to all PDI checklists?',	NULL,	18,	NULL,	1,	NULL),
(412,	19,	'main',	'hdr',	'',	'Editorial Comments Section',	NULL,	15,	NULL,	1,	NULL),
(413,	19,	'main',	'det',	'',	'Editorial Comments',	NULL,	16,	NULL,	1,	NULL),
(414,	20,	'main',	'hdr',	'1',	'Test procedures are correct.',	NULL,	1,	NULL,	1,	NULL),
(415,	20,	'main',	'det',	'1',	'a) The test procedure traces to one or more test cases.',	NULL,	2,	NULL,	1,	NULL),
(416,	20,	'main',	'det',	'1',	'b) Test cases exercised by the test procedure are identified within the test procedure, at specific steps.',	NULL,	3,	NULL,	1,	NULL),
(417,	20,	'main',	'det',	'1',	'c) Input conditions are correctly set up for each test case identified within the test procedure.',	NULL,	4,	NULL,	1,	NULL),
(418,	20,	'main',	'det',	'1',	'd) Expected results are correct for each test case identified within the test procedure.',	NULL,	5,	NULL,	1,	NULL),
(419,	20,	'pdi',	'hdr',	'n/a',	'Quality Review',	NULL,	8,	NULL,	1,	NULL),
(420,	20,	'pdi',	'det',	'',	'Has Test procedure review report comply to all PDI checklists?',	NULL,	9,	NULL,	1,	NULL),
(421,	20,	'main',	'hdr',	'',	'Editorial Comments Section',	NULL,	6,	NULL,	1,	NULL),
(422,	20,	'main',	'det',	'',	'Editorial Comments',	NULL,	7,	NULL,	1,	NULL),
(423,	21,	'main',	'hdr',	'n/a',	'General Checklist',	NULL,	0,	NULL,	NULL,	NULL),
(424,	21,	'main',	'det',	'n/a',	'Review comments',	NULL,	1,	NULL,	1,	NULL),
(425,	22,	'main',	'hdr',	'n/a',	'Normal Range Test Cases (one of the below must be applicable)',	NULL,	1,	NULL,	118,	'2014-05-06 10:00:00'),
(426,	22,	'main',	'det',	'3 & 4',	'a) Test cases exercise valid equivalence classes and boundary values for each real and integer input variable.',	'Not Applicable applies only if requirements do not specify real or integer variables.',	2,	NULL,	118,	'2014-05-06 10:00:00'),
(427,	22,	'main',	'det',	'3 & 4',	'b) Test cases make use of multiple iterations to exercise time-related functions such as filters, integrators, timers, and delays.',	'Not Applicable applies only if requirements do not specify time-related functions such as filters, integrators, timers, and delays.',	3,	NULL,	118,	'2014-05-06 10:00:00'),
(428,	22,	'main',	'det',	'3 & 4',	'c) Test cases exercise all state transitions during normal operation.',	'Not Applicable applies only if requirements do not specify state transitions.',	4,	NULL,	118,	'2014-05-06 10:00:00'),
(429,	22,	'main',	'det',	'3 & 4',	'd) Test cases verify the variable usage and the Boolean operators for software requirements expressed by logic equations.',	'Not Applicable applies only if requirements are not expressed as logic equations.',	5,	NULL,	118,	'2014-05-06 10:00:00'),
(430,	22,	'main',	'det',	'3 & 4',	'e) Test cases verify capabilities and/or constraints for requirements lacking explicit input conditions.',	'Not Applicable applies only if requirements have explicit input conditions.',	6,	NULL,	118,	'2014-05-06 10:00:00'),
(431,	22,	'main',	'hdr',	'n/a',	'Robustness Test Cases',	NULL,	7,	NULL,	118,	'2014-05-06 10:00:00'),
(432,	22,	'main',	'det',	'3 & 4',	'f) Test cases exercise real and integer variables using equivalence class selection of invalid values.',	'Not Applicable applies only if requirements do not specify real or integer variables.',	8,	NULL,	118,	'2014-05-06 10:00:00'),
(433,	22,	'main',	'det',	'3 & 4',	'g) Test cases exercise system initialization during abnormal conditions.',	'Not Applicable applies only if requirements are not associated with system initialization.',	9,	NULL,	118,	'2014-05-06 10:00:00'),
(434,	22,	'main',	'det',	'3 & 4',	'h) Test cases check for failure modes of the incoming data, especially complex, digital data strings from an external system.',	'Not Applicable applies only if requirements do not specify incoming data, or there are no failure modes for the incoming data specified.',	10,	NULL,	118,	'2014-05-06 10:00:00'),
(435,	22,	'main',	'det',	'3 & 4',	'i) Test cases attempt to compute out-of-range loop count values for loops where the loop count is a computed value.',	'Not Applicable applies only if requirements do not use computed loop values.',	11,	NULL,	118,	'2014-05-06 10:00:00'),
(436,	22,	'main',	'det',	'3 & 4',	'j) Test cases exercise protection mechanisms for exceeded frame times to ensure correct response.',	'Not Applicable applies only if requirements do not pertain to protection mechanisms for exceeded frame times.',	12,	NULL,	118,	'2014-05-06 10:00:00'),
(437,	22,	'main',	'det',	'3 & 4',	'k) Test cases exercise arithmetic overflow protection mechanisms for time-related functions such as filters, integrators, and delays.',	'Not Applicable applies only if requirements do not specify time-related functions such as filters, integrators, timers, and delays.',	13,	NULL,	118,	'2014-05-06 10:00:00'),
(438,	22,	'main',	'det',	'3 & 4',	'l) Test cases provoke transitions that are not allowed by software requirements for state transitions.',	'Not Applicable applies only if requirements do not specify state transitions.',	14,	NULL,	118,	'2014-05-06 10:00:00'),
(439,	22,	'pdi',	'hdr',	'n/a',	'Quality Review',	NULL,	17,	NULL,	118,	'2014-05-06 10:00:00'),
(440,	22,	'pdi',	'det',	'',	'Has Test case review report comply to all PDI checklists?',	NULL,	18,	NULL,	118,	'2014-05-06 10:00:00'),
(441,	22,	'main',	'hdr',	'',	'Editorial Comments Section',	NULL,	15,	NULL,	118,	'2014-05-06 10:00:00'),
(442,	22,	'main',	'det',	'',	'Editorial Comments',	NULL,	16,	NULL,	118,	'2014-05-06 10:00:00'),
(443,	23,	'main',	'hdr',	'n/a',	'Verification Procedures are correct.',	NULL,	1,	NULL,	118,	'2014-05-13 10:00:00'),
(444,	23,	'main',	'det',	'1',	'a) Verification Procedures are traced to the HLTCs.',	NULL,	2,	NULL,	118,	'2014-05-13 10:00:00'),
(445,	23,	'main',	'det',	'1',	'b) Verification Procedures/Script correctly verify the HLTCs to which they are traced.',	NULL,	3,	NULL,	118,	'2014-05-13 10:00:00'),
(446,	23,	'main',	'det',	'1',	'c) Verification Procedures/Script correctly verify any LLTCs to which they are traced.',	NULL,	4,	NULL,	NULL,	NULL),
(447,	23,	'main',	'det',	'1',	'd) Rationale is documented and correct where coverage of each HLTC or LLTC is inferred.',	NULL,	5,	NULL,	118,	NULL),
(448,	23,	'main',	'det',	'1',	'e) Input conditions comply with all HLTCs and LLTCs identified as being covered by the Verification Procedure/Script.',	NULL,	6,	NULL,	NULL,	NULL),
(449,	23,	'main',	'det',	'1',	'f) Expected results comply with all HLTCs and LLTCs identified as being covered by the Verification Procedure/Script.',	NULL,	7,	NULL,	NULL,	NULL),
(450,	23,	'main',	'det',	'1',	'g) Variable names and states conform to those specified in reference documents.',	NULL,	8,	NULL,	NULL,	NULL),
(451,	23,	'main',	'det',	'1',	'h) No extraneous/unnecessary inputs are commanded in the Verification Procedure or Script.',	NULL,	9,	NULL,	NULL,	NULL),
(452,	23,	'main',	'det',	'1',	'i) Where numerical values are used, the test procedures using the values are consistent with the values (or value ranges) expressed in the test cases.',	NULL,	10,	NULL,	NULL,	NULL),
(453,	23,	'main',	'det',	'1',	'j) No extraneous/unnecessary steps are inserted into the Verification Procedure or Script.',	NULL,	11,	NULL,	NULL,	NULL),
(454,	23,	'main',	'det',	'1',	'k) Where mask values are used to explicitly isolate pertinent bits within a packed hexademical value, mask values are correct.',	NULL,	12,	NULL,	NULL,	NULL),
(455,	23,	'main',	'det',	'1',	'l) All inputs specified in associated HLTCs and LLTCs (including timing) are documented in each scenario of the Verification Procedure.',	NULL,	13,	NULL,	NULL,	NULL),
(456,	23,	'main',	'det',	'1',	'm) Transitions in outputs are verified.',	NULL,	14,	NULL,	NULL,	NULL),
(457,	23,	'main',	'hdr',	'n/a',	'Verification Procedures are consistent.',	NULL,	15,	NULL,	NULL,	NULL),
(458,	23,	'main',	'det',	'2',	'a) Each Verification Procedure implements a specific functional scenario covering a group of related requirements.',	NULL,	16,	NULL,	NULL,	NULL),
(459,	23,	'main',	'det',	'2',	'd) Script names in the Verification Procedure are unique.',	NULL,	17,	NULL,	NULL,	NULL),
(460,	23,	'main',	'det',	'2',	'g) The purpose of each step is clearly stated.',	NULL,	18,	NULL,	NULL,	NULL),
(461,	23,	'main',	'det',	'2',	'h) Change in inputs and/or outputs across procedure steps are described in detail.',	NULL,	19,	NULL,	NULL,	NULL),
(462,	23,	'main',	'hdr',	'n/a',	'Verification Scripts are correct.',	NULL,	20,	NULL,	NULL,	NULL),
(463,	23,	'main',	'det',	'1',	'b) Verification Procedures/Script correctly verify the HLTCs to which they are traced.',	NULL,	21,	NULL,	NULL,	NULL),
(464,	23,	'main',	'det',	'1',	'c) Verification Procedures/Script correctly verify any LLTCs to which they are traced.',	NULL,	22,	NULL,	NULL,	NULL),
(465,	23,	'main',	'det',	'1',	'e) Input conditions comply with all HLTCs and LLTCs identified as being covered by the Verification Procedure/Script.',	NULL,	23,	NULL,	NULL,	NULL),
(466,	23,	'main',	'det',	'1',	'f) Expected results comply with all HLTCs and LLTCs identified as being covered by the Verification Procedure/Script.',	NULL,	24,	NULL,	NULL,	NULL),
(467,	23,	'main',	'det',	'1',	'g) Variable names and states conform to those specified in reference documents.',	NULL,	25,	NULL,	NULL,	NULL),
(468,	23,	'main',	'det',	'1',	'h) No extraneous/unnecessary inputs are commanded in the Verification Procedure or Script.',	NULL,	26,	NULL,	NULL,	NULL),
(469,	23,	'main',	'det',	'1',	'i) Where numerical values are used, the test procedures using the values are consistent with the values (or value ranges) expressed in the test cases.',	NULL,	27,	NULL,	NULL,	NULL),
(470,	23,	'main',	'det',	'1',	'j) No extraneous/unnecessary steps are inserted into the Verification Procedure or Script.',	NULL,	28,	NULL,	NULL,	NULL),
(471,	23,	'main',	'det',	'1',	'k) Where mask values are used to explicitly isolate pertinent bits within a packed hexademical value, mask values are correct.',	NULL,	29,	NULL,	NULL,	NULL),
(472,	23,	'main',	'det',	'1',	'm) Transitions in outputs are verified.',	NULL,	30,	NULL,	NULL,	NULL),
(473,	23,	'main',	'hdr',	'n/a',	'Verification Scripts are consistent.',	NULL,	31,	NULL,	NULL,	NULL),
(474,	23,	'main',	'det',	'2',	'b) All inputs and outputs corresponding to the functionality under test are presented consistently across all scenarios within the Verification Script.',	NULL,	32,	NULL,	NULL,	NULL),
(475,	23,	'main',	'det',	'2',	'c) Each Black Box Verification Script retrieves and logs configuration information of the software target-under-test.',	NULL,	33,	NULL,	NULL,	NULL),
(476,	23,	'main',	'det',	'2',	'e) Verification Scripts produce log files which clearly document the preset values, expected results, and actual results.',	NULL,	34,	NULL,	NULL,	NULL),
(477,	23,	'main',	'det',	'2',	'f) Verification Scripts do not reference absolute paths.',	NULL,	35,	NULL,	NULL,	NULL),
(478,	23,	'main',	'det',	'2',	'g) The purpose of each step is clearly stated.',	NULL,	36,	NULL,	NULL,	NULL),
(479,	23,	'main',	'det',	'2',	'h) Change in inputs and/or outputs across procedure steps are described in detail.',	NULL,	37,	NULL,	NULL,	NULL),
(480,	23,	'main',	'det',	'2',	'i) Script names and scenarios are uniquely referenced within the Verification Script so that there are not duplicates with other procedures or cases.',	NULL,	38,	NULL,	NULL,	NULL),
(481,	23,	'main',	'det',	'2',	'j) Script names and scenario numbers recorded in the log files match those in the Verification Procedure.',	NULL,	39,	NULL,	NULL,	NULL),
(482,	23,	'main',	'det',	'2',	'k) Names for variables used in the Verification Script environment adhere to a consistent naming convention.',	NULL,	40,	NULL,	NULL,	NULL),
(483,	23,	'main',	'det',	'2',	'l) Wait times are minimized to account for test environment limitations.',	NULL,	41,	NULL,	NULL,	NULL),
(484,	23,	'main',	'det',	'2',	'm) All scenarios contained within the Verification Script map 1-to-1 with the scenarios described in the Verification Procedure.',	NULL,	42,	NULL,	NULL,	NULL),
(485,	23,	'main',	'det',	'2',	'n) Script logs output before and after test scenario so that change of output can be seen.',	NULL,	43,	NULL,	NULL,	NULL),
(486,	23,	'main',	'det',	'2',	'o) Verificaton Scripts display the expected and actual results in a consistent format to check for passing criteria without analysis',	NULL,	44,	NULL,	NULL,	NULL),
(487,	23,	'main',	'det',	'2',	'p) Names for variables used in the Verification Script environment are meaningful and correspond to the functionality under question.',	NULL,	45,	NULL,	NULL,	NULL),
(488,	23,	'main',	'hdr',	'n/a',	'Verification Results are correct.',	NULL,	46,	NULL,	NULL,	NULL),
(489,	23,	'main',	'det',	'1',	'a) Verification logs for automated scripts report software configuration baseline information.',	NULL,	47,	NULL,	NULL,	NULL),
(490,	23,	'main',	'det',	'1',	'b) Verification logs correspond to the established software configuration baseline.',	NULL,	48,	NULL,	NULL,	NULL),
(491,	23,	'main',	'det',	'1',	'c) Verification results are clearly presented alongside the expected results to facilitate easier determination of pass/fail status.',	NULL,	49,	NULL,	NULL,	NULL),
(492,	23,	'main',	'det',	'1',	'd) Preset values are documented in each scenario.',	NULL,	50,	NULL,	NULL,	NULL),
(493,	23,	'main',	'det',	'1',	'e) Verification results are clearly delineated from other script actions.',	NULL,	51,	NULL,	NULL,	NULL),
(494,	23,	'main',	'det',	'1',	'f) Verification Results match the specified expected results.',	NULL,	52,	NULL,	NULL,	NULL),
(495,	23,	'pdi',	'hdr',	'n/a',	'Quality Review',	NULL,	55,	NULL,	NULL,	NULL),
(496,	23,	'pdi',	'det',	'n/a',	'Has Test procedure, scripts and results review report comply to all PDI checklists?',	NULL,	56,	NULL,	NULL,	NULL),
(497,	23,	'main',	'hdr',	'n/a',	'Editorial Comments Section (If no comments, select Pass)',	NULL,	53,	NULL,	NULL,	NULL),
(498,	23,	'main',	'det',	'n/a',	'Editorial Comments',	'To add any generic comments which cannot be categorised in any of the above. (Note: The export XLS will ignore any comments identified here)',	54,	NULL,	NULL,	NULL),
(499,	24,	'main',	'hdr',	'n/a',	'Normal Range Test Cases (one of the below must be applicable)',	NULL,	1,	NULL,	118,	'2014-07-03 10:00:00'),
(500,	24,	'main',	'det',	'3 & 4',	'a) Test cases exercise valid equivalence classes and boundary values for each real and integer input variable.',	'Not Applicable applies only if requirements do not specify real or integer variables.',	2,	NULL,	118,	'2014-07-03 10:00:00'),
(501,	24,	'main',	'det',	'3 & 4',	'b) Test cases make use of multiple iterations to exercise time-related functions such as filters, integrators, timers, and delays.',	'Not Applicable applies only if requirements do not specify time-related functions such as filters, integrators, timers, and delays.',	3,	NULL,	118,	'2014-07-03 10:00:00'),
(502,	24,	'main',	'det',	'3 & 4',	'c) Test cases exercise all state transitions during normal operation.',	'Not Applicable applies only if requirements do not specify state transitions.',	4,	NULL,	118,	'2014-07-03 10:00:00'),
(503,	24,	'main',	'det',	'3 & 4',	'd) Test cases verify the variable usage and the Boolean operators for software requirements expressed by logic equations.',	'Not Applicable applies only if requirements are not expressed as logic equations.',	5,	NULL,	118,	'2014-07-03 10:00:00'),
(504,	24,	'main',	'det',	'3 & 4',	'e) Test cases verify capabilities and/or constraints for requirements lacking explicit input conditions.',	'Not Applicable applies only if requirements have explicit input conditions.',	6,	NULL,	118,	'2014-07-03 10:00:00'),
(505,	24,	'main',	'hdr',	'n/a',	'Robustness Test Cases',	NULL,	7,	NULL,	118,	'2014-07-03 10:00:00'),
(506,	24,	'main',	'det',	'3 & 4',	'f) Test cases exercise real and integer variables using equivalence class selection of invalid values.',	'Not Applicable applies only if requirements do not specify real or integer variables.',	8,	NULL,	118,	'2014-07-03 10:00:00'),
(507,	24,	'main',	'det',	'3 & 4',	'g) Test cases exercise system initialization during abnormal conditions.',	'Not Applicable applies only if requirements are not associated with system initialization.',	9,	NULL,	118,	'2014-07-03 10:00:00'),
(508,	24,	'main',	'det',	'3 & 4',	'h) Test cases check for failure modes of the incoming data, especially complex, digital data strings from an external system.',	'Not Applicable applies only if requirements do not specify incoming data, or there are no failure modes for the incoming data specified.',	10,	NULL,	118,	'2014-07-03 10:00:00'),
(509,	24,	'main',	'det',	'3 & 4',	'i) Test cases attempt to compute out-of-range loop count values for loops where the loop count is a computed value.',	'Not Applicable applies only if requirements do not use computed loop values.',	11,	NULL,	118,	'2014-07-03 10:00:00'),
(510,	24,	'main',	'det',	'3 & 4',	'j) Test cases exercise protection mechanisms for exceeded frame times to ensure correct response.',	'Not Applicable applies only if requirements do not pertain to protection mechanisms for exceeded frame times.',	12,	NULL,	118,	'2014-07-03 10:00:00'),
(511,	24,	'main',	'det',	'3 & 4',	'k) Test cases exercise arithmetic overflow protection mechanisms for time-related functions such as filters, integrators, and delays.',	'Not Applicable applies only if requirements do not specify time-related functions such as filters, integrators, timers, and delays.',	13,	NULL,	118,	'2014-07-03 10:00:00'),
(512,	24,	'main',	'det',	'3 & 4',	'l) Test cases provoke transitions that are not allowed by software requirements for state transitions.',	'Not Applicable applies only if requirements do not specify state transitions.',	14,	NULL,	118,	'2014-07-03 10:00:00'),
(513,	24,	'pdi',	'hdr',	'n/a',	'Quality Review',	NULL,	17,	NULL,	118,	'2014-07-03 10:00:00'),
(514,	24,	'pdi',	'det',	'',	'Has Test case review report comply to all PDI checklists?',	NULL,	18,	NULL,	118,	'2014-07-03 10:00:00'),
(515,	24,	'main',	'hdr',	'',	'Editorial Comments Section',	NULL,	15,	NULL,	118,	'2014-07-03 10:00:00'),
(516,	24,	'main',	'det',	'',	'Editorial Comments',	NULL,	16,	NULL,	118,	'2014-07-03 10:00:00'),
(517,	25,	'main',	'hdr',	'1',	'Test procedures are correct.',	NULL,	1,	NULL,	118,	'2014-07-03 10:00:00'),
(518,	25,	'main',	'det',	'1',	'a) The test procedure traces to one or more test cases.',	NULL,	2,	NULL,	118,	'2014-07-03 10:00:00'),
(519,	25,	'main',	'det',	'1',	'b) Test cases exercised by the test procedure are identified within the test procedure, at specific steps.',	NULL,	3,	NULL,	118,	'2014-07-03 10:00:00'),
(520,	25,	'main',	'det',	'1',	'c) Input conditions are correctly set up for each test case identified within the test procedure.',	NULL,	4,	NULL,	118,	'2014-07-03 10:00:00'),
(521,	25,	'main',	'det',	'1',	'd) Expected results are correct for each test case identified within the test procedure.',	NULL,	5,	NULL,	118,	'2014-07-03 10:00:00'),
(522,	25,	'pdi',	'hdr',	'n/a',	'Quality Review',	NULL,	8,	NULL,	118,	'2014-07-03 10:00:00'),
(523,	25,	'pdi',	'det',	'',	'Has Test procedure review report comply to all PDI checklists?',	NULL,	9,	NULL,	118,	'2014-07-03 10:00:00'),
(524,	25,	'main',	'hdr',	'',	'Editorial Comments Section',	NULL,	6,	NULL,	118,	'2014-07-03 10:00:00'),
(525,	25,	'main',	'det',	'',	'Editorial Comments',	NULL,	7,	NULL,	118,	'2014-07-03 10:00:00'),
(526,	26,	'main',	'hdr',	'n/a',	'Normal Range Test Cases (one of the below must be applicable)',	NULL,	1,	NULL,	75,	'2015-09-23 10:00:00'),
(527,	26,	'main',	'det',	'3 & 4',	'a) Test cases exercise valid equivalence classes and boundary values for each real and integer input variable.',	'Not Applicable applies only if requirements do not specify real or integer variables.',	2,	NULL,	75,	'2015-09-23 10:00:00'),
(528,	26,	'main',	'det',	'3 & 4',	'b) Test cases make use of multiple iterations to exercise time-related functions such as filters, integrators, timers, and delays.',	'Not Applicable applies only if requirements do not specify time-related functions such as filters, integrators, timers, and delays.',	3,	NULL,	75,	'2015-09-23 10:00:00'),
(529,	26,	'main',	'det',	'3 & 4',	'c) Test cases exercise all state transitions during normal operation.',	'Not Applicable applies only if requirements do not specify state transitions.',	4,	NULL,	75,	'2015-09-23 10:00:00'),
(530,	26,	'main',	'det',	'3 & 4',	'd) Test cases verify the variable usage and the Boolean operators for software requirements expressed by logic equations.',	'Not Applicable applies only if requirements are not expressed as logic equations.',	5,	NULL,	75,	'2015-09-23 10:00:00'),
(531,	26,	'main',	'det',	'3 & 4',	'e) Test cases verify capabilities and/or constraints for requirements lacking explicit input conditions.',	'Not Applicable applies only if requirements have explicit input conditions.',	6,	NULL,	75,	'2015-09-23 10:00:00'),
(532,	26,	'main',	'hdr',	'n/a',	'Robustness Test Cases',	NULL,	7,	NULL,	75,	'2015-09-23 10:00:00'),
(533,	26,	'main',	'det',	'3 & 4',	'f) Test cases exercise real and integer variables using equivalence class selection of invalid values.',	'Not Applicable applies only if requirements do not specify real or integer variables.',	8,	NULL,	75,	'2015-09-23 10:00:00'),
(534,	26,	'main',	'det',	'3 & 4',	'g) Test cases exercise system initialization during abnormal conditions.',	'Not Applicable applies only if requirements are not associated with system initialization.',	9,	NULL,	75,	'2015-09-23 10:00:00'),
(535,	26,	'main',	'det',	'3 & 4',	'h) Test cases check for failure modes of the incoming data, especially complex, digital data strings from an external system.',	'Not Applicable applies only if requirements do not specify incoming data, or there are no failure modes for the incoming data specified.',	10,	NULL,	75,	'2015-09-23 10:00:00'),
(536,	26,	'main',	'det',	'3 & 4',	'i) Test cases attempt to compute out-of-range loop count values for loops where the loop count is a computed value.',	'Not Applicable applies only if requirements do not use computed loop values.',	11,	NULL,	75,	'2015-09-23 10:00:00'),
(537,	26,	'main',	'det',	'3 & 4',	'j) Test cases exercise protection mechanisms for exceeded frame times to ensure correct response.',	'Not Applicable applies only if requirements do not pertain to protection mechanisms for exceeded frame times.',	12,	NULL,	75,	'2015-09-23 10:00:00'),
(538,	26,	'main',	'det',	'3 & 4',	'k) Test cases exercise arithmetic overflow protection mechanisms for time-related functions such as filters, integrators, and delays.',	'Not Applicable applies only if requirements do not specify time-related functions such as filters, integrators, timers, and delays.',	13,	NULL,	75,	'2015-09-23 10:00:00'),
(539,	26,	'main',	'det',	'3 & 4',	'l) Test cases provoke transitions that are not allowed by software requirements for state transitions.',	'Not Applicable applies only if requirements do not specify state transitions.',	14,	NULL,	75,	'2015-09-23 10:00:00'),
(540,	26,	'pdi',	'hdr',	'n/a',	'Quality Review',	NULL,	17,	NULL,	75,	'2015-09-23 10:00:00'),
(541,	26,	'pdi',	'det',	'',	'Has Test case review report comply to all PDI checklists?',	NULL,	18,	NULL,	75,	'2015-09-23 10:00:00'),
(542,	26,	'main',	'hdr',	'',	'Editorial Comments Section',	NULL,	15,	NULL,	75,	'2015-09-23 10:00:00'),
(543,	26,	'main',	'det',	'',	'Editorial Comments',	NULL,	16,	NULL,	75,	'2015-09-23 10:00:00'),
(544,	27,	'main',	'hdr',	'1',	'Test procedures are correct.',	NULL,	1,	NULL,	75,	'2015-09-23 10:00:00'),
(545,	27,	'main',	'det',	'1',	'a) The test procedure traces to one or more test cases.',	NULL,	2,	NULL,	75,	'2015-09-23 10:00:00'),
(546,	27,	'main',	'det',	'1',	'b) Test cases exercised by the test procedure are identified within the test procedure, at specific steps.',	NULL,	3,	NULL,	75,	'2015-09-23 10:00:00'),
(547,	27,	'main',	'det',	'1',	'c) Input conditions are correctly set up for each test case identified within the test procedure.',	NULL,	4,	NULL,	75,	'2015-09-23 10:00:00'),
(548,	27,	'main',	'det',	'1',	'd) Expected results are correct for each test case identified within the test procedure.',	NULL,	5,	NULL,	75,	'2015-09-23 10:00:00'),
(549,	27,	'pdi',	'hdr',	'n/a',	'Quality Review',	NULL,	8,	NULL,	75,	'2015-09-23 10:00:00'),
(550,	27,	'pdi',	'det',	'',	'Has Test procedure review report comply to all PDI checklists?',	NULL,	9,	NULL,	75,	'2015-09-23 10:00:00'),
(551,	27,	'main',	'hdr',	'',	'Editorial Comments Section',	NULL,	6,	NULL,	75,	'2015-09-23 10:00:00'),
(552,	27,	'main',	'det',	'',	'Editorial Comments',	NULL,	7,	NULL,	75,	'2015-09-23 10:00:00'),
(553,	28,	'main',	'hdr',	'n/a',	'Normal Range Test Cases (one of the below must be applicable)',	NULL,	1,	NULL,	118,	'2014-05-06 10:00:00'),
(554,	28,	'main',	'det',	'3 & 4',	'a) Test cases exercise valid equivalence classes and boundary values for each real and integer input variable.',	'Not Applicable applies only if requirements do not specify real or integer variables.',	2,	NULL,	118,	'2014-05-06 10:00:00'),
(555,	28,	'main',	'det',	'3 & 4',	'b) Test cases make use of multiple iterations to exercise time-related functions such as filters, integrators, timers, and delays.',	'Not Applicable applies only if requirements do not specify time-related functions such as filters, integrators, timers, and delays.',	3,	NULL,	118,	'2014-05-06 10:00:00'),
(556,	28,	'main',	'det',	'3 & 4',	'c) Test cases exercise all state transitions during normal operation.',	'Not Applicable applies only if requirements do not specify state transitions.',	4,	NULL,	118,	'2014-05-06 10:00:00'),
(557,	28,	'main',	'det',	'3 & 4',	'd) Test cases verify the variable usage and the Boolean operators for software requirements expressed by logic equations.',	'Not Applicable applies only if requirements are not expressed as logic equations.',	5,	NULL,	118,	'2014-05-06 10:00:00'),
(558,	28,	'main',	'det',	'3 & 4',	'e) Test cases verify capabilities and/or constraints for requirements lacking explicit input conditions.',	'Not Applicable applies only if requirements have explicit input conditions.',	6,	NULL,	118,	'2014-05-06 10:00:00'),
(559,	28,	'main',	'hdr',	'n/a',	'Robustness Test Cases',	NULL,	7,	NULL,	118,	'2014-05-06 10:00:00'),
(560,	28,	'main',	'det',	'3 & 4',	'f) Test cases exercise real and integer variables using equivalence class selection of invalid values.',	'Not Applicable applies only if requirements do not specify real or integer variables.',	8,	NULL,	118,	'2014-05-06 10:00:00'),
(561,	28,	'main',	'det',	'3 & 4',	'g) Test cases exercise system initialization during abnormal conditions.',	'Not Applicable applies only if requirements are not associated with system initialization.',	9,	NULL,	118,	'2014-05-06 10:00:00'),
(562,	28,	'main',	'det',	'3 & 4',	'h) Test cases check for failure modes of the incoming data, especially complex, digital data strings from an external system.',	'Not Applicable applies only if requirements do not specify incoming data, or there are no failure modes for the incoming data specified.',	10,	NULL,	118,	'2014-05-06 10:00:00'),
(563,	28,	'main',	'det',	'3 & 4',	'i) Test cases attempt to compute out-of-range loop count values for loops where the loop count is a computed value.',	'Not Applicable applies only if requirements do not use computed loop values.',	11,	NULL,	118,	'2014-05-06 10:00:00'),
(564,	28,	'main',	'det',	'3 & 4',	'j) Test cases exercise protection mechanisms for exceeded frame times to ensure correct response.',	'Not Applicable applies only if requirements do not pertain to protection mechanisms for exceeded frame times.',	12,	NULL,	118,	'2014-05-06 10:00:00'),
(565,	28,	'main',	'det',	'3 & 4',	'k) Test cases exercise arithmetic overflow protection mechanisms for time-related functions such as filters, integrators, and delays.',	'Not Applicable applies only if requirements do not specify time-related functions such as filters, integrators, timers, and delays.',	13,	NULL,	118,	'2014-05-06 10:00:00'),
(566,	28,	'main',	'det',	'3 & 4',	'l) Test cases provoke transitions that are not allowed by software requirements for state transitions.',	'Not Applicable applies only if requirements do not specify state transitions.',	14,	NULL,	118,	'2014-05-06 10:00:00'),
(567,	28,	'pdi',	'hdr',	'n/a',	'Quality Review',	NULL,	17,	NULL,	118,	'2014-05-06 10:00:00'),
(568,	28,	'pdi',	'det',	'',	'Has Test case review report comply to all PDI checklists?',	NULL,	18,	NULL,	118,	'2014-05-06 10:00:00'),
(569,	28,	'main',	'hdr',	'',	'Editorial Comments Section',	NULL,	15,	NULL,	118,	'2014-05-06 10:00:00'),
(570,	28,	'main',	'det',	'',	'Editorial Comments',	NULL,	16,	NULL,	118,	'2014-05-06 10:00:00'),
(571,	29,	'main',	'hdr',	'n/a',	'Verification Procedures are correct.',	NULL,	1,	NULL,	118,	'2014-05-13 10:00:00'),
(572,	29,	'main',	'det',	'1',	'a) Verification Procedures are traced to the HLTCs.',	NULL,	2,	NULL,	118,	'2014-05-13 10:00:00'),
(573,	29,	'main',	'det',	'1',	'b) Verification Procedures/Script correctly verify the HLTCs to which they are traced.',	NULL,	3,	NULL,	118,	'2014-05-13 10:00:00'),
(574,	29,	'main',	'det',	'1',	'c) Verification Procedures/Script correctly verify any LLTCs to which they are traced.',	NULL,	4,	NULL,	NULL,	NULL),
(575,	29,	'main',	'det',	'1',	'd) Rationale is documented and correct where coverage of each HLTC or LLTC is inferred.',	NULL,	5,	NULL,	118,	NULL),
(576,	29,	'main',	'det',	'1',	'e) Input conditions comply with all HLTCs and LLTCs identified as being covered by the Verification Procedure/Script.',	NULL,	6,	NULL,	NULL,	NULL),
(577,	29,	'main',	'det',	'1',	'f) Expected results comply with all HLTCs and LLTCs identified as being covered by the Verification Procedure/Script.',	NULL,	7,	NULL,	NULL,	NULL),
(578,	29,	'main',	'det',	'1',	'g) Variable names and states conform to those specified in reference documents.',	NULL,	8,	NULL,	NULL,	NULL),
(579,	29,	'main',	'det',	'1',	'h) No extraneous/unnecessary inputs are commanded in the Verification Procedure or Script.',	NULL,	9,	NULL,	NULL,	NULL),
(580,	29,	'main',	'det',	'1',	'i) Where numerical values are used, the test procedures using the values are consistent with the values (or value ranges) expressed in the test cases.',	NULL,	10,	NULL,	NULL,	NULL),
(581,	29,	'main',	'det',	'1',	'j) No extraneous/unnecessary steps are inserted into the Verification Procedure or Script.',	NULL,	11,	NULL,	NULL,	NULL),
(582,	29,	'main',	'det',	'1',	'k) Where mask values are used to explicitly isolate pertinent bits within a packed hexademical value, mask values are correct.',	NULL,	12,	NULL,	NULL,	NULL),
(583,	29,	'main',	'det',	'1',	'l) All inputs specified in associated HLTCs and LLTCs (including timing) are documented in each scenario of the Verification Procedure.',	NULL,	13,	NULL,	NULL,	NULL),
(584,	29,	'main',	'det',	'1',	'm) Transitions in outputs are verified.',	NULL,	14,	NULL,	NULL,	NULL),
(585,	29,	'main',	'hdr',	'n/a',	'Verification Procedures are consistent.',	NULL,	15,	NULL,	NULL,	NULL),
(586,	29,	'main',	'det',	'2',	'a) Each Verification Procedure implements a specific functional scenario covering a group of related requirements.',	NULL,	16,	NULL,	NULL,	NULL),
(587,	29,	'main',	'det',	'2',	'd) Script names in the Verification Procedure are unique.',	NULL,	17,	NULL,	NULL,	NULL),
(588,	29,	'main',	'det',	'2',	'g) The purpose of each step is clearly stated.',	NULL,	18,	NULL,	NULL,	NULL),
(589,	29,	'main',	'det',	'2',	'h) Change in inputs and/or outputs across procedure steps are described in detail.',	NULL,	19,	NULL,	NULL,	NULL),
(590,	29,	'main',	'hdr',	'n/a',	'Verification Scripts are correct.',	NULL,	20,	NULL,	NULL,	NULL),
(591,	29,	'main',	'det',	'1',	'b) Verification Procedures/Script correctly verify the HLTCs to which they are traced.',	NULL,	21,	NULL,	NULL,	NULL),
(592,	29,	'main',	'det',	'1',	'c) Verification Procedures/Script correctly verify any LLTCs to which they are traced.',	NULL,	22,	NULL,	NULL,	NULL),
(593,	29,	'main',	'det',	'1',	'e) Input conditions comply with all HLTCs and LLTCs identified as being covered by the Verification Procedure/Script.',	NULL,	23,	NULL,	NULL,	NULL),
(594,	29,	'main',	'det',	'1',	'f) Expected results comply with all HLTCs and LLTCs identified as being covered by the Verification Procedure/Script.',	NULL,	24,	NULL,	NULL,	NULL),
(595,	29,	'main',	'det',	'1',	'g) Variable names and states conform to those specified in reference documents.',	NULL,	25,	NULL,	NULL,	NULL),
(596,	29,	'main',	'det',	'1',	'h) No extraneous/unnecessary inputs are commanded in the Verification Procedure or Script.',	NULL,	26,	NULL,	NULL,	NULL),
(597,	29,	'main',	'det',	'1',	'i) Where numerical values are used, the test procedures using the values are consistent with the values (or value ranges) expressed in the test cases.',	NULL,	27,	NULL,	NULL,	NULL),
(598,	29,	'main',	'det',	'1',	'j) No extraneous/unnecessary steps are inserted into the Verification Procedure or Script.',	NULL,	28,	NULL,	NULL,	NULL),
(599,	29,	'main',	'det',	'1',	'k) Where mask values are used to explicitly isolate pertinent bits within a packed hexademical value, mask values are correct.',	NULL,	29,	NULL,	NULL,	NULL),
(600,	29,	'main',	'det',	'1',	'm) Transitions in outputs are verified.',	NULL,	30,	NULL,	NULL,	NULL),
(601,	29,	'main',	'hdr',	'n/a',	'Verification Scripts are consistent.',	NULL,	31,	NULL,	NULL,	NULL),
(602,	29,	'main',	'det',	'2',	'b) All inputs and outputs corresponding to the functionality under test are presented consistently across all scenarios within the Verification Script.',	NULL,	32,	NULL,	NULL,	NULL),
(603,	29,	'main',	'det',	'2',	'c) Each Black Box Verification Script retrieves and logs configuration information of the software target-under-test.',	NULL,	33,	NULL,	NULL,	NULL),
(604,	29,	'main',	'det',	'2',	'e) Verification Scripts produce log files which clearly document the preset values, expected results, and actual results.',	NULL,	34,	NULL,	NULL,	NULL),
(605,	29,	'main',	'det',	'2',	'f) Verification Scripts do not reference absolute paths.',	NULL,	35,	NULL,	NULL,	NULL),
(606,	29,	'main',	'det',	'2',	'g) The purpose of each step is clearly stated.',	NULL,	36,	NULL,	NULL,	NULL),
(607,	29,	'main',	'det',	'2',	'h) Change in inputs and/or outputs across procedure steps are described in detail.',	NULL,	37,	NULL,	NULL,	NULL),
(608,	29,	'main',	'det',	'2',	'i) Script names and scenarios are uniquely referenced within the Verification Script so that there are not duplicates with other procedures or cases.',	NULL,	38,	NULL,	NULL,	NULL),
(609,	29,	'main',	'det',	'2',	'j) Script names and scenario numbers recorded in the log files match those in the Verification Procedure.',	NULL,	39,	NULL,	NULL,	NULL),
(610,	29,	'main',	'det',	'2',	'k) Names for variables used in the Verification Script environment adhere to a consistent naming convention.',	NULL,	40,	NULL,	NULL,	NULL),
(611,	29,	'main',	'det',	'2',	'l) Wait times are minimized to account for test environment limitations.',	NULL,	41,	NULL,	NULL,	NULL),
(612,	29,	'main',	'det',	'2',	'm) All scenarios contained within the Verification Script map 1-to-1 with the scenarios described in the Verification Procedure.',	NULL,	42,	NULL,	NULL,	NULL),
(613,	29,	'main',	'det',	'2',	'n) Script logs output before and after test scenario so that change of output can be seen.',	NULL,	43,	NULL,	NULL,	NULL),
(614,	29,	'main',	'det',	'2',	'o) Verificaton Scripts display the expected and actual results in a consistent format to check for passing criteria without analysis',	NULL,	44,	NULL,	NULL,	NULL),
(615,	29,	'main',	'det',	'2',	'p) Names for variables used in the Verification Script environment are meaningful and correspond to the functionality under question.',	NULL,	45,	NULL,	NULL,	NULL),
(616,	29,	'main',	'hdr',	'n/a',	'Verification Results are correct.',	NULL,	46,	NULL,	NULL,	NULL),
(617,	29,	'main',	'det',	'1',	'a) Verification logs for automated scripts report software configuration baseline information.',	NULL,	47,	NULL,	NULL,	NULL),
(618,	29,	'main',	'det',	'1',	'b) Verification logs correspond to the established software configuration baseline.',	NULL,	48,	NULL,	NULL,	NULL),
(619,	29,	'main',	'det',	'1',	'c) Verification results are clearly presented alongside the expected results to facilitate easier determination of pass/fail status.',	NULL,	49,	NULL,	NULL,	NULL),
(620,	29,	'main',	'det',	'1',	'd) Preset values are documented in each scenario.',	NULL,	50,	NULL,	NULL,	NULL),
(621,	29,	'main',	'det',	'1',	'e) Verification results are clearly delineated from other script actions.',	NULL,	51,	NULL,	NULL,	NULL),
(622,	29,	'main',	'det',	'1',	'f) Verification Results match the specified expected results.',	NULL,	52,	NULL,	NULL,	NULL),
(623,	29,	'pdi',	'hdr',	'n/a',	'Quality Review',	NULL,	55,	NULL,	NULL,	NULL),
(624,	29,	'pdi',	'det',	'n/a',	'Has Test procedure, scripts and results review report comply to all PDI checklists?',	NULL,	56,	NULL,	NULL,	NULL),
(625,	29,	'main',	'hdr',	'n/a',	'Editorial Comments Section (If no comments, select Pass)',	NULL,	53,	NULL,	NULL,	NULL),
(626,	29,	'main',	'det',	'n/a',	'Editorial Comments',	'To add any generic comments which cannot be categorised in any of the above. (Note: The export XLS will ignore any comments identified here)',	54,	NULL,	NULL,	NULL),
(627,	36,	'main',	'hdr',	'n/a',	'Main',	NULL,	0,	NULL,	NULL,	NULL),
(628,	36,	'main',	'det',	'n/a',	'Does the source code compile without any errors?',	NULL,	0,	NULL,	NULL,	NULL),
(629,	36,	'main',	'det',	'n/a',	'Is the Hardware change is effectively/functionally implemented in the code?',	NULL,	0,	NULL,	NULL,	NULL),
(630,	36,	'main',	'det',	'n/a',	'Is there is no functional impact to the unchanged code due to the current code change?',	NULL,	0,	NULL,	NULL,	NULL),
(631,	36,	'main',	'det',	'n/a',	'Is the comments are written in consistent and readable?',	NULL,	0,	NULL,	NULL,	NULL),
(632,	36,	'main',	'det',	'n/a',	'Does the following attributes are consistent with the existing code:  a. Naming convention? b. new types?  c. new structures?',	NULL,	0,	NULL,	NULL,	NULL),
(633,	36,	'main',	'det',	'n/a',	'Any outstanding failures or observations from the previous review have been addressed?',	NULL,	0,	NULL,	NULL,	NULL),
(634,	37,	'main',	'hdr',	'n/a',	'Unit Testing',	NULL,	0,	NULL,	NULL,	NULL),
(635,	37,	'main',	'det',	'n/a',	'Verify the test implemented effectively for the Code change',	NULL,	0,	NULL,	NULL,	NULL),
(636,	37,	'main',	'det',	'n/a',	'Ensure no failures in the test',	NULL,	0,	NULL,	NULL,	NULL),
(637,	37,	'main',	'det',	'n/a',	'Is the desired coverage achieved.',	NULL,	0,	NULL,	NULL,	NULL),
(638,	37,	'main',	'hdr',	'n/a',	'Integration Test',	NULL,	0,	NULL,	NULL,	NULL),
(639,	37,	'main',	'det',	'n/a',	'Verify the test implemented effectively for the functional change',	NULL,	0,	NULL,	NULL,	NULL),
(640,	37,	'main',	'det',	'n/a',	'Is the result is free from failures',	NULL,	0,	NULL,	NULL,	NULL),
(641,	37,	'main',	'det',	'n/a',	'If possible add some more test case to test the functionality',	NULL,	0,	NULL,	NULL,	NULL),
(642,	37,	'main',	'hdr',	'n/a',	'Validation Test',	NULL,	0,	NULL,	NULL,	NULL),
(643,	37,	'main',	'det',	'n/a',	'Check the application test executed in the target without any issues',	NULL,	0,	NULL,	NULL,	NULL),
(644,	37,	'main',	'det',	'n/a',	'Check the platform check implimented correctly in the respective file',	NULL,	0,	NULL,	NULL,	NULL),
(645,	37,	'main',	'det',	'n/a',	'Check the result is free from failures',	NULL,	0,	NULL,	NULL,	NULL),
(646,	37,	'main',	'hdr',	'n/a',	'Quality Review',	NULL,	0,	NULL,	NULL,	NULL),
(647,	37,	'main',	'det',	'n/a',	'Has Unit, Integration and Validation test report comply to all PDI checklists?',	NULL,	0,	NULL,	NULL,	NULL);

DROP TABLE IF EXISTS `tbl_rms_rvw_type_rrv`;
CREATE TABLE `tbl_rms_rvw_type_rrv` (
  `RRV_RvwTypeId` int(8) NOT NULL AUTO_INCREMENT,
  `RRV_ProjectId` int(8) NOT NULL,
  `RRV_RvwTypeName` varchar(300) NOT NULL,
  `RRV_UpdatedBy` int(8) DEFAULT NULL,
  `RRV_UpdatedOn` date DEFAULT NULL,
  PRIMARY KEY (`RRV_RvwTypeId`),
  KEY `FK_reviewtypetbl` (`RRV_ProjectId`),
  KEY `FK2_tbl_rms_rvw_type_rrv` (`RRV_UpdatedBy`),
  CONSTRAINT `FK2_tbl_rms_rvw_type_rrv` FOREIGN KEY (`RRV_UpdatedBy`) REFERENCES `tbl_fou_employee_emp` (`EMP_User_id`),
  CONSTRAINT `FK_reviewtypetbl` FOREIGN KEY (`RRV_ProjectId`) REFERENCES `tbl_rms_project_details_rpr` (`RPR_ProjectId`)
) ENGINE=InnoDB DEFAULT CHARSET=latin1 CHECKSUM=1 DELAY_KEY_WRITE=1 ROW_FORMAT=DYNAMIC;

INSERT INTO `tbl_rms_rvw_type_rrv` (`RRV_RvwTypeId`, `RRV_ProjectId`, `RRV_RvwTypeName`, `RRV_UpdatedBy`, `RRV_UpdatedOn`) VALUES
(1,	209,	'Code Review',	118,	NULL),
(2,	209,	'Design Review',	118,	NULL),
(3,	209,	'Test Review',	118,	NULL),
(4,	33,	'Requirements Review',	118,	NULL),
(6,	33,	'Code Review',	118,	NULL),
(7,	178,	'Test case review',	118,	NULL),
(8,	178,	'Test Procedure and Script Review',	118,	NULL),
(9,	32,	'Code review',	118,	NULL),
(10,	32,	'Test procedure review',	118,	NULL),
(11,	205,	'Test case review',	118,	NULL),
(12,	205,	'Test procedure review',	118,	NULL),
(13,	33,	'Code Review Checklist',	118,	NULL),
(15,	253,	'CWCIS-47: Software Verification Cases Review Checklist',	118,	NULL),
(16,	253,	'CWCIS-47: Software Verification Procedures Review Checklist',	118,	NULL),
(17,	33,	'FRL-805E: Software Test Specification Checklist',	118,	NULL),
(18,	33,	'FRL-805E: Software Test Report Checklist',	118,	NULL),
(19,	261,	'CHK-CANADA: Software Verification Cases Review Checklist',	118,	NULL),
(20,	261,	'CHK-CANADA: Software Verification Procedures Review Checklist',	118,	NULL),
(21,	178,	'General Review checklist',	118,	NULL),
(22,	283,	'CWCIS-53KP2: Software Verification Cases Review Checklist',	118,	NULL),
(23,	283,	'CWCIS-53KP2: Software Verification Procedures Review Checklist',	118,	NULL),
(24,	291,	'CWCIS-47(ITY P2): Software Verification Cases Review Checklist',	118,	NULL),
(25,	291,	'CWCIS-47(ITY P2): Software Verification Procedures Review Checklist',	118,	NULL),
(26,	386,	'CWCAE-CH47DCU-CAN-P2: Software Verification Cases Review Checklist',	NULL,	NULL),
(27,	386,	'CWCAE-CH47DCU-CAN-P2: Software Verification Procedures Review Checklist',	NULL,	NULL),
(28,	384,	'CWCIS-53KP3: Software Verification Cases Review Checklist',	118,	NULL),
(29,	384,	'CWCIS-53KP3: Software Verification Procedures Review Checklist',	118,	NULL),
(30,	233,	'A615AWIFIDataloader: Requirements Review',	118,	NULL),
(31,	233,	'A615AWIFIDataloader: Software Design Review',	118,	NULL),
(32,	233,	'A615AWIFIDataloader: Code Review',	118,	NULL),
(33,	233,	'A615AWIFIDataloader: Testcase Review',	118,	NULL),
(34,	233,	'A615AWIFIDataloader: Test procedure and Script Review',	118,	NULL),
(35,	233,	'A615AWIFIDataloader: General Review',	118,	NULL),
(36,	456,	'SOMFY-HALSTM32F: Functional Review',	118,	NULL),
(37,	456,	'SOMFY-HALSTM32F: Test Review',	118,	NULL);

-- 2020-06-29 06:11:52
